Naziv proizvoda;Šifra proizvoda;Marka proizvoda;Neto količina;Jedinica mjere;Maloprodajna cijena;Cijena za jedinicu mjere;MPC za vrijeme posebnog oblika prodaje;Poseban oblik prodaje;Najniža cijena u posljednjih 30 dana;Sidrena cijena;Barkod;Dostupnost;Valuta
Auto punjač - New Science PC-01 - Bijela;57186449195352;New Science;;kom;10,50;;;;10,50;10,50;;DA;EUR
Auto punjač - New Science PC-01 - Crna;57186449162584;New Science;;kom;10,50;;;;10,50;10,50;;DA;EUR
Auto punjač - New Science SLD-C03 - Bijela;57186449097048;New Science;;kom;10,90;;;;10,90;10,90;;DA;EUR
Auto punjač - New Science SLD-C03 - Crna;57186449129816;New Science;;kom;10,90;;;;10,90;10,90;;DA;EUR
BE-09 Bežične Slušalice s Hi-Fi Zvukom;57186440872280;;;kom;15,90;;;;15,90;15,90;;DA;EUR
BE-10 Prozirne Bežične Slušalice s Hi-Fi Zvukom;57186440839512;;;kom;15,90;;;;15,90;15,90;;DA;EUR
Bežične Bluetooth slušalice BE-14 s Hi-Fi zvukom;57186440806744;;;kom;16,90;;;;16,90;16,90;;DA;EUR
Bežične Bluetooth slušalice J-12 s Hi-Fi zvukom;57186439856472;;;kom;19,90;;;;19,90;19,90;;DA;EUR
Bežične Bluetooth slušalice J-14;57186440773976;;;kom;17,80;;;;17,80;17,80;;DA;EUR
Bežične Slušalice A-622 – Bijele;57186440741208;;;kom;24,70;;;;24,70;24,70;;DA;EUR
Bežične Slušalice A-622 – Crne;57186440675672;;;kom;24,70;;;;24,70;24,70;;DA;EUR
Bežične slušalice A-628 - Bijela;57186440151384;;;kom;23,00;;;;23,00;23,00;;DA;EUR
Bežične slušalice A-628 - Siva;57186440118616;;;kom;23,00;;;;23,00;23,00;;DA;EUR
Bežične slušalice A-628 – Bijele;57186440642904;;;kom;24,50;;;;24,50;24,50;;DA;EUR
Bežične slušalice A-628 – Crna;57186440610136;;;kom;24,50;;;;24,50;24,50;;DA;EUR
Bežične slušalice A-628 – Crvena;57186440053080;;;kom;24,50;;;;24,50;24,50;;DA;EUR
Bežične slušalice A-628 – Ljubičasta;57186440020312;;;kom;24,50;;;;24,50;24,50;;DA;EUR
Bežične slušalice A-628 – zelene;57186440577368;;;kom;24,50;;;;24,50;24,50;;DA;EUR
Bežične slušalice A-636-1;57186439987544;;;kom;29,99;;;;29,99;29,99;;DA;EUR
Bežične slušalice s mačjim ušima A-626 - Bijele;57186440544600;New Science;;kom;29,90;;;;29,90;29,90;;DA;EUR
Bežične slušalice s mačjim ušima A-626 - Crne;57186439823704;New Science;;kom;29,90;;;;29,90;29,90;;DA;EUR
Bežični Auto Punjač - New Science WX-18;57186448933208;New Science;;kom;23,90;;;;23,90;23,90;;DA;EUR
Bežični Auto Punjač i Nosač - New Science WI-10 - Bijela;57186449031512;New Science;;kom;16,25;;;;16,25;16,25;;DA;EUR
Bežični Auto Punjač i Nosač - New Science WI-10 - Crna;57186449064280;New Science;;kom;16,25;;;;16,25;16,25;;DA;EUR
Bežični Auto Punjač s Nosačem - New Science WX-09;57186448998744;New Science;;kom;16,25;;;;16,25;16,25;;DA;EUR
Bluetooth lampa punjać - 3u1;57186441167192;;;kom;19,95;;;;19,95;19,95;;DA;EUR
Bluetooth lampa punjać - 4u1 (verzija sa satom budilicom);57186441199960;;;kom;25,55;;;;25,55;25,55;;DA;EUR
BT 5.0 Mačje Uho Bežične Slušalice A-633 – Zelene;57186440511832;;;kom;29,90;;;;29,90;29,90;;DA;EUR
Bubble deka (200x230) - 1;56122726121816;;;kom;19,99;;;;19,99;19,99;;DA;EUR
Bubble deka (200x230) - 2;56122726154584;;;kom;19,99;;;;19,99;19,99;;DA;EUR
Bubble deka (200x230) - 3;56122726187352;;;kom;19,99;;;;19,99;19,99;;DA;EUR
Bubble deka (200x230) - 4;56122726220120;;;kom;19,99;;;;19,99;19,99;;DA;EUR
Bubble deka (200x230) - 5;56122726252888;;;kom;19,99;;;;19,99;19,99;;DA;EUR
Bubble deka (200x230) - 6;56122726285656;;;kom;19,99;;;;19,99;19,99;;DA;EUR
Bubble deka (200x230) - 7;56122726318424;;;kom;19,99;;;;19,99;19,99;;DA;EUR
Daily deka - 1;56700410659160;;;kom;17,99;;;;17,99;17,99;;DA;EUR
Daily deka - 2;56700410691928;;;kom;17,99;;;;17,99;17,99;;DA;EUR
Daily deka - 3;56700410724696;;;kom;17,99;;;;17,99;17,99;;DA;EUR
Daily deka - 4;56700410757464;;;kom;17,99;;;;17,99;17,99;;DA;EUR
Daily deka - 5;56700410790232;;;kom;17,99;;;;17,99;17,99;;DA;EUR
Daily deka - 6;56700410823000;;;kom;17,99;;;;17,99;17,99;;DA;EUR
Daily deka - 7;56700410855768;;;kom;17,99;;;;17,99;17,99;;DA;EUR
Debela deka - 150x200 - 1;55865867272536;;;kom;24,99;;;;24,99;24,99;;DA;EUR
Debela deka - 150x200 - 2;55865867305304;;;kom;24,99;;;;24,99;24,99;;DA;EUR
Debela deka - 150x200 - 3;55865867338072;;;kom;24,99;;;;24,99;24,99;;DA;EUR
Debela deka - 150x200 - 4;55865867370840;;;kom;24,99;;;;24,99;24,99;;DA;EUR
Debela deka - 150x200 - 5;55865867403608;;;kom;24,99;;;;24,99;24,99;;NE;EUR
Debela deka - 150x200 - 6;55865867436376;;;kom;24,99;;;;24,99;24,99;;DA;EUR
Debela deka - 150x200 - 7;55865867469144;;;kom;24,99;;;;24,99;24,99;;DA;EUR
Deka 3 kg – 200x240 cm - 1;55804302262616;;;kom;37,99;;;;37,99;37,99;;NE;EUR
Deka 3 kg – 200x240 cm - 10;55804302557528;;;kom;37,99;;;;37,99;37,99;;DA;EUR
Deka 3 kg – 200x240 cm - 11;55804302590296;;;kom;37,99;;;;37,99;37,99;;DA;EUR
Deka 3 kg – 200x240 cm - 12;55804302623064;;;kom;37,99;;;;37,99;37,99;;DA;EUR
Deka 3 kg – 200x240 cm - 13;55804302655832;;;kom;37,99;;;;37,99;37,99;;DA;EUR
Deka 3 kg – 200x240 cm - 14;55804302688600;;;kom;37,99;;;;37,99;37,99;;DA;EUR
Deka 3 kg – 200x240 cm - 15;55804302721368;;;kom;37,99;;;;37,99;37,99;;DA;EUR
Deka 3 kg – 200x240 cm - 16;55804302754136;;;kom;37,99;;;;37,99;37,99;;DA;EUR
Deka 3 kg – 200x240 cm - 17;55804302786904;;;kom;37,99;;;;37,99;37,99;;DA;EUR
Deka 3 kg – 200x240 cm - 18;55804302819672;;;kom;37,99;;;;37,99;37,99;;DA;EUR
Deka 3 kg – 200x240 cm - 19;55804302852440;;;kom;37,99;;;;37,99;37,99;;DA;EUR
Deka 3 kg – 200x240 cm - 2;55804302295384;;;kom;37,99;;;;37,99;37,99;;DA;EUR
Deka 3 kg – 200x240 cm - 20;55804302885208;;;kom;37,99;;;;37,99;37,99;;DA;EUR
Deka 3 kg – 200x240 cm - 21;55804302917976;;;kom;37,99;;;;37,99;37,99;;DA;EUR
Deka 3 kg – 200x240 cm - 22;55804302950744;;;kom;37,99;;;;37,99;37,99;;DA;EUR
Deka 3 kg – 200x240 cm - 23;55804302983512;;;kom;37,99;;;;37,99;37,99;;DA;EUR
Deka 3 kg – 200x240 cm - 24;55804303016280;;;kom;37,99;;;;37,99;37,99;;DA;EUR
Deka 3 kg – 200x240 cm - 25;55804303049048;;;kom;37,99;;;;37,99;37,99;;DA;EUR
Deka 3 kg – 200x240 cm - 26;55804303081816;;;kom;37,99;;;;37,99;37,99;;NE;EUR
Deka 3 kg – 200x240 cm - 27;55804303114584;;;kom;37,99;;;;37,99;37,99;;DA;EUR
Deka 3 kg – 200x240 cm - 28;55804303147352;;;kom;37,99;;;;37,99;37,99;;DA;EUR
Deka 3 kg – 200x240 cm - 29;55804303180120;;;kom;37,99;;;;37,99;37,99;;DA;EUR
Deka 3 kg – 200x240 cm - 3;55804302328152;;;kom;37,99;;;;37,99;37,99;;NE;EUR
Deka 3 kg – 200x240 cm - 30;55804303212888;;;kom;37,99;;;;37,99;37,99;;DA;EUR
Deka 3 kg – 200x240 cm - 31;55804303245656;;;kom;37,99;;;;37,99;37,99;;DA;EUR
Deka 3 kg – 200x240 cm - 32;55804303278424;;;kom;37,99;;;;37,99;37,99;;DA;EUR
Deka 3 kg – 200x240 cm - 33;55804303311192;;;kom;37,99;;;;37,99;37,99;;DA;EUR
Deka 3 kg – 200x240 cm - 4;55804302360920;;;kom;37,99;;;;37,99;37,99;;NE;EUR
Deka 3 kg – 200x240 cm - 5;55804302393688;;;kom;37,99;;;;37,99;37,99;;DA;EUR
Deka 3 kg – 200x240 cm - 6;55804302426456;;;kom;37,99;;;;37,99;37,99;;NE;EUR
Deka 3 kg – 200x240 cm - 7;55804302459224;;;kom;37,99;;;;37,99;37,99;;DA;EUR
Deka 3 kg – 200x240 cm - 8;55804302491992;;;kom;37,99;;;;37,99;37,99;;DA;EUR
Deka 3 kg – 200x240 cm - 9;55804302524760;;;kom;37,99;;;;37,99;37,99;;DA;EUR
Deka cvijet - 1;55748718297432;;;kom;19,99;;;;19,99;19,99;;DA;EUR
Deka cvijet - 2;55748718330200;;;kom;19,99;;;;19,99;19,99;;DA;EUR
Deka cvijet - 3;55748718362968;;;kom;19,99;;;;19,99;19,99;;DA;EUR
Deka cvijet - 4;55748718395736;;;kom;19,99;;;;19,99;19,99;;DA;EUR
Deka cvijet - 5;55748718428504;;;kom;19,99;;;;19,99;19,99;;DA;EUR
Deka cvijet - 6;55748718461272;;;kom;19,99;;;;19,99;19,99;;DA;EUR
Deka cvijet - 7;55748718494040;;;kom;19,99;;;;19,99;19,99;;DA;EUR
Deka duplo 200x240 cm – topla, mekana i savršena za zimske noći! ❄️ - #1;56061267640664;;;kom;42,99;;;;42,99;42,99;;DA;EUR
Deka duplo 200x240 cm – topla, mekana i savršena za zimske noći! ❄️ - #10;56061267935576;;;kom;42,99;;;;42,99;42,99;;DA;EUR
Deka duplo 200x240 cm – topla, mekana i savršena za zimske noći! ❄️ - #11;56061267968344;;;kom;42,99;;;;42,99;42,99;;DA;EUR
Deka duplo 200x240 cm – topla, mekana i savršena za zimske noći! ❄️ - #12;56061268001112;;;kom;42,99;;;;42,99;42,99;;DA;EUR
Deka duplo 200x240 cm – topla, mekana i savršena za zimske noći! ❄️ - #13;56061268033880;;;kom;42,99;;;;42,99;42,99;;DA;EUR
Deka duplo 200x240 cm – topla, mekana i savršena za zimske noći! ❄️ - #2;56061267673432;;;kom;42,99;;;;42,99;42,99;;DA;EUR
Deka duplo 200x240 cm – topla, mekana i savršena za zimske noći! ❄️ - #3;56061267706200;;;kom;42,99;;;;42,99;42,99;;DA;EUR
Deka duplo 200x240 cm – topla, mekana i savršena za zimske noći! ❄️ - #4;56061267738968;;;kom;42,99;;;;42,99;42,99;;DA;EUR
Deka duplo 200x240 cm – topla, mekana i savršena za zimske noći! ❄️ - #5;56061267771736;;;kom;42,99;;;;42,99;42,99;;DA;EUR
Deka duplo 200x240 cm – topla, mekana i savršena za zimske noći! ❄️ - #6;56061267804504;;;kom;42,99;;;;42,99;42,99;;DA;EUR
Deka duplo 200x240 cm – topla, mekana i savršena za zimske noći! ❄️ - #7;56061267837272;;;kom;42,99;;;;42,99;42,99;;DA;EUR
Deka duplo 200x240 cm – topla, mekana i savršena za zimske noći! ❄️ - #8;56061267870040;;;kom;42,99;;;;42,99;42,99;;DA;EUR
Deka duplo 200x240 cm – topla, mekana i savršena za zimske noći! ❄️ - #9;56061267902808;;;kom;42,99;;;;42,99;42,99;;DA;EUR
Deka ELEGANCE 200x230 cm - #1;55363254124888;;;kom;39,99;;;;39,99;39,99;;DA;EUR
Deka ELEGANCE 200x230 cm - #2;55363254157656;;;kom;39,99;;;;39,99;39,99;;DA;EUR
Deka ELEGANCE 200x230 cm - #3;55363254190424;;;kom;39,99;;;;39,99;39,99;;DA;EUR
Deka ELEGANCE 200x230 cm - #4;55363254223192;;;kom;39,99;;;;39,99;39,99;;DA;EUR
Deka ELEGANCE 200x230 cm - #5;55363254255960;;;kom;39,99;;;;39,99;39,99;;DA;EUR
Deka ELEGANCE 200x230 cm - #6;55363254288728;;;kom;39,99;;;;39,99;39,99;;DA;EUR
Deka HEX s krznom (200x230) - 1;56122726383960;;;kom;25,99;;;;25,99;25,99;;DA;EUR
Deka HEX s krznom (200x230) - 2;56122726416728;;;kom;25,99;;;;25,99;25,99;;DA;EUR
Deka HEX s krznom (200x230) - 3;56122726449496;;;kom;25,99;;;;25,99;25,99;;DA;EUR
Deka HEX s krznom (200x230) - 4;56122726482264;;;kom;25,99;;;;25,99;25,99;;DA;EUR
Deka HEX s krznom (200x230) - 5;56122726515032;;;kom;25,99;;;;25,99;25,99;;DA;EUR
Deka HEX s krznom (200x230) - 6;56122726547800;;;kom;25,99;;;;25,99;25,99;;DA;EUR
Deka HEX s krznom (200x230) - 7;56122726580568;;;kom;25,99;;;;25,99;25,99;;DA;EUR
Deka Leptir - 3u1 - Bež;55865867632984;;;kom;25,99;;;;25,99;25,99;;DA;EUR
Deka Leptir - 3u1 - Lila;55865867600216;;;kom;25,99;;;;25,99;25,99;;DA;EUR
Deka Leptir - 3u1 - Roza;55865867501912;;;kom;25,99;;;;25,99;25,99;;DA;EUR
Deka Leptir - 3u1 - Siva;55865867698520;;;kom;25,99;;;;25,99;25,99;;DA;EUR
Deka Leptir - 3u1 - Svijetlo siva;55865867567448;;;kom;25,99;;;;25,99;25,99;;DA;EUR
Deka Leptir - 3u1 - Tamno siva;55865867665752;;;kom;25,99;;;;25,99;25,99;;DA;EUR
Deka Leptir - 3u1 - Zelena;55865867534680;;;kom;25,99;;;;25,99;25,99;;DA;EUR
Deka list - 1;55748718657880;;;kom;20,99;;;;20,99;20,99;;DA;EUR
Deka list - 2;55748718690648;;;kom;20,99;;;;20,99;20,99;;DA;EUR
Deka list - 3;55748718723416;;;kom;20,99;;;;20,99;20,99;;DA;EUR
Deka list - 4;55748718756184;;;kom;20,99;;;;20,99;20,99;;DA;EUR
Deka list - 5;55748718788952;;;kom;20,99;;;;20,99;20,99;;DA;EUR
"Deka za bračni krevet ""Velvet"" - #1";55363251339608;;;kom;27,99;;;;27,99;27,99;;NE;EUR
"Deka za bračni krevet ""Velvet"" - #2";55363251372376;;;kom;27,99;;;;27,99;27,99;;DA;EUR
"Deka za bračni krevet ""Velvet"" - #3";55363251405144;;;kom;27,99;;;;27,99;27,99;;DA;EUR
"Deka za bračni krevet ""Velvet"" - #4";55363251437912;;;kom;27,99;;;;27,99;27,99;;DA;EUR
"Deka za bračni krevet ""Velvet"" - #5";55363251470680;;;kom;27,99;;;;27,99;27,99;;DA;EUR
"Deka za bračni krevet ""Velvet"" - #6";55363251503448;;;kom;27,99;;;;27,99;27,99;;DA;EUR
"Deka za bračni krevet ""Velvet"" - #7";55363251536216;;;kom;27,99;;;;27,99;27,99;;DA;EUR
Dekorativna deka - 1;55748719608152;;;kom;19,99;;;;19,99;19,99;;DA;EUR
Dekorativna deka - 2;55748719640920;;;kom;19,99;;;;19,99;19,99;;DA;EUR
Dekorativna deka - 3;55748719673688;;;kom;19,99;;;;19,99;19,99;;DA;EUR
Dekorativna deka - 4;55748719706456;;;kom;19,99;;;;19,99;19,99;;DA;EUR
Dekorativna deka - 5;55748719739224;;;kom;19,99;;;;19,99;19,99;;DA;EUR
Deluxe soft deka 200x230cm - #1;55363246915928;;;kom;15,99;;;;15,99;15,99;;NE;EUR
Deluxe soft deka 200x230cm - #10;55363247210840;;;kom;15,99;;;;15,99;15,99;;NE;EUR
Deluxe soft deka 200x230cm - #11;55363247243608;;;kom;15,99;;;;15,99;15,99;;NE;EUR
Deluxe soft deka 200x230cm - #2;55363246948696;;;kom;15,99;;;;15,99;15,99;;NE;EUR
Deluxe soft deka 200x230cm - #3;55363246981464;;;kom;15,99;;;;15,99;15,99;;NE;EUR
Deluxe soft deka 200x230cm - #4;55363247014232;;;kom;15,99;;;;15,99;15,99;;NE;EUR
Deluxe soft deka 200x230cm - #5;55363247047000;;;kom;15,99;;;;15,99;15,99;;NE;EUR
Deluxe soft deka 200x230cm - #6;55363247079768;;;kom;15,99;;;;15,99;15,99;;NE;EUR
Deluxe soft deka 200x230cm - #7;55363247112536;;;kom;15,99;;;;15,99;15,99;;NE;EUR
Deluxe soft deka 200x230cm - #8;55363247145304;;;kom;15,99;;;;15,99;15,99;;NE;EUR
Deluxe soft deka 200x230cm - #9;55363247178072;;;kom;15,99;;;;15,99;15,99;;NE;EUR
Dvostruki organizator ladica s prugama;55363261989208;;;kom;9,99;;;;9,99;9,99;;DA;EUR
Ekstra soft deka 200×230 cm - #1;55363230761304;;;kom;14,99;;;;14,99;14,99;;DA;EUR
Ekstra soft deka 200×230 cm - #2;55363230794072;;;kom;14,99;;;;14,99;14,99;;DA;EUR
Ekstra soft deka 200×230 cm - #3;55363230826840;;;kom;14,99;;;;14,99;14,99;;DA;EUR
Ekstra soft deka 200×230 cm - #4;55363230859608;;;kom;14,99;;;;14,99;14,99;;DA;EUR
Ekstra soft deka 200×230 cm - #5;55363230892376;;;kom;14,99;;;;14,99;14,99;;DA;EUR
Ekstra soft deka 200×230 cm - #6;55363230925144;;;kom;14,99;;;;14,99;14,99;;DA;EUR
Ekstra soft deka 200×230 cm - #7;55363230957912;;;kom;14,99;;;;14,99;14,99;;DA;EUR
Ekstra soft deka 200×230 cm - #8;55363230990680;;;kom;14,99;;;;14,99;14,99;;DA;EUR
Ekstra soft deka 200×230 cm - #9;55363231023448;;;kom;14,99;;;;14,99;14,99;;DA;EUR
Fluffy deka 200x230 cm – savršena mekoća i toplina! 💤 - #1 tamno siva;56311609885016;;;kom;39,99;;;;39,99;39,99;;DA;EUR
Fluffy deka 200x230 cm – savršena mekoća i toplina! 💤 - #2 svijetlo siva;56311609917784;;;kom;39,99;;;;39,99;39,99;;DA;EUR
Fluffy deka 200x230 cm – savršena mekoća i toplina! 💤 - #3 roza;56061266952536;;;kom;39,99;;;;39,99;39,99;;DA;EUR
Fluffy deka 200x230 cm – savršena mekoća i toplina! 💤 - #4 bež;56311609950552;;;kom;39,99;;;;39,99;39,99;;DA;EUR
Fluffy deka 200x230 cm – savršena mekoća i toplina! 💤 - #5 tamna bež;56311609983320;;;kom;39,99;;;;39,99;39,99;;DA;EUR
Fur deka - 1 / 150x200;56700411478360;;;kom;22,99;;;;22,99;22,99;;DA;EUR
Fur deka - 1 / 200x230;56700411445592;;;kom;26,99;;;;26,99;26,99;;DA;EUR
Fur deka - 2 / 150x200;56700411543896;;;kom;22,99;;;;22,99;22,99;;DA;EUR
Fur deka - 2 / 200x230;56700411511128;;;kom;26,99;;;;26,99;26,99;;DA;EUR
Fur deka - 3 / 150x200;56700411609432;;;kom;22,99;;;;22,99;22,99;;DA;EUR
Fur deka - 3 / 200x230;56700411576664;;;kom;26,99;;;;26,99;26,99;;DA;EUR
Fur deka - 4 / 150x200;56700411674968;;;kom;22,99;;;;22,99;22,99;;DA;EUR
Fur deka - 4 / 200x230;56700411642200;;;kom;26,99;;;;26,99;26,99;;DA;EUR
Fur deka - 5 / 150x200;56700411740504;;;kom;22,99;;;;22,99;22,99;;DA;EUR
Fur deka - 5 / 200x230;56700411707736;;;kom;26,99;;;;26,99;26,99;;DA;EUR
Fur deka - 6 / 150x200;56700411806040;;;kom;22,99;;;;22,99;22,99;;DA;EUR
Fur deka - 6 / 200x230;56700411773272;;;kom;26,99;;;;26,99;26,99;;DA;EUR
Fur deka - 7 / 150x200;56700411871576;;;kom;22,99;;;;22,99;22,99;;DA;EUR
Fur deka - 7 / 200x230;56700411838808;;;kom;26,99;;;;26,99;26,99;;DA;EUR
Fur deka - 8 / 150x200;56700411937112;;;kom;22,99;;;;22,99;22,99;;DA;EUR
Fur deka - 8 / 200x230;56700411904344;;;kom;26,99;;;;26,99;26,99;;DA;EUR
Hipoalergena Vodootporna jastučnica 2+2 GRATIS - 50x70 cm;55363193569624;;;kom;13,99;;;;13,99;13,99;;DA;EUR
Hipoalergena Vodootporna jastučnica 2+2 GRATIS - 60x80 cm;55363193602392;;;kom;14,99;;;;14,99;14,99;;DA;EUR
J-15 Bežične Slušalice s LED Zaslonom;57186440479064;;;kom;19,90;;;;19,90;19,90;;DA;EUR
J-17 Bežične Slušalice s Hi-Fi Zvukom;57186439954776;;;kom;15,90;;;;15,90;15,90;;DA;EUR
Jastuk sa silikonskim granulama 50x70, 60x80 - 50x70 cm (1000g);55363205824856;;;kom;17,00;;;;17,00;17,00;;DA;EUR
Jastuk sa silikonskim granulama 50x70, 60x80 - 60x80 cm (1200g);55363205857624;;;kom;20,00;;;;20,00;20,00;;DA;EUR
Kamera za Video Nadzor JK-9291;55363101786456;;;kom;49,99;;;;49,99;49,99;;DA;EUR
Karaoke ZVUČNIK IPX5 SA dva mikrofona;57186445492568;;;kom;29,99;;;;29,99;29,99;;DA;EUR
Karirana deka - 1 / 150x200;55748718985560;;;kom;17,99;;;;17,99;17,99;;DA;EUR
Karirana deka - 1 / 200x230;55748718952792;;;kom;19,99;;;;19,99;19,99;;DA;EUR
Karirana deka - 2 / 150x200;55748719051096;;;kom;17,99;;;;17,99;17,99;;DA;EUR
Karirana deka - 2 / 200x230;55748719018328;;;kom;19,99;;;;19,99;19,99;;DA;EUR
Karirana deka - 3 / 150x200;55748719116632;;;kom;17,99;;;;17,99;17,99;;DA;EUR
Karirana deka - 3 / 200x230;55748719083864;;;kom;19,99;;;;19,99;19,99;;DA;EUR
Karirana deka - 4 / 150x200;55748719182168;;;kom;17,99;;;;17,99;17,99;;DA;EUR
Karirana deka - 4 / 200x230;55748719149400;;;kom;19,99;;;;19,99;19,99;;DA;EUR
Košara Za Rublje (veš);55363088023896;;;kom;19,99;;;;19,99;19,99;;DA;EUR
Krpe - set od 6 kuhinjskih krpa - 40x60cm - Kava;55363241115992;;;kom;14,99;;;;14,99;14,99;;DA;EUR
Krpe - set od 6 kuhinjskih krpa - 40x60cm - Lavanda;55363241017688;;;kom;14,99;;;;14,99;14,99;;DA;EUR
Krpe - set od 6 kuhinjskih krpa - 40x60cm - Masline;55363241083224;;;kom;14,99;;;;14,99;14,99;;NE;EUR
Krpe - set od 6 kuhinjskih krpa - 40x60cm - Morski;55363240984920;;;kom;14,99;;;;14,99;14,99;;NE;EUR
Krpe - set od 6 kuhinjskih krpa - 40x60cm - Sladoled;55363241181528;;;kom;14,99;;;;14,99;14,99;;NE;EUR
Krpe - set od 6 kuhinjskih krpa - 40x60cm - Torta;55363241050456;;;kom;14,99;;;;14,99;14,99;;NE;EUR
Krpe - set od 6 kuhinjskih krpa - 40x60cm - Voćni;55363241148760;;;kom;14,99;;;;14,99;14,99;;NE;EUR
LED Noćna Svjetiljka Leptir;55363103326552;;;kom;7,00;;;;7,00;7,00;;DA;EUR
LED Noćna Svjetiljka u Obliku Pčele;55363103621464;;;kom;7,00;;;;7,00;7,00;;DA;EUR
LED Noćno Svjetlo HY8807;55363103818072;;;kom;6,00;;;;6,00;6,00;;DA;EUR
LED Noćno Svjetlo s Utičnicom;55363103949144;;;kom;6,00;;;;6,00;6,00;;DA;EUR
LED Solarna Svjetiljka DT-8;55363104080216;;;kom;15,00;;;;15,00;15,00;;DA;EUR
LED Stolna Lampa s Astronaut Dizajnom;55363104407896;;;kom;12,00;;;;12,00;12,00;;DA;EUR
LED Stolna Lampa sa podesivim Spiralnim Dizajnom;55363109257560;;;kom;8,99;;;;8,99;8,99;;DA;EUR
LED stolna lampa u obliku kita - Narančasta;55363104670040;;;kom;9,99;;;;9,99;9,99;;DA;EUR
LED stolna lampa u obliku kita - Zelena;55363104637272;;;kom;9,99;;;;9,99;9,99;;DA;EUR
LED stolna lampa za čitanje;55363104899416;;;kom;14,00;;;;14,00;14,00;;DA;EUR
LED stolna svjetiljka DL-15 – Moderni dizajn s astronautom;55363105161560;;;kom;9,99;;;;9,99;9,99;;DA;EUR
LED stolna svjetiljka DL-16 – dizajn puža;55363109355864;;;kom;11,99;;;;11,99;11,99;;DA;EUR
LED Svjetiljka DT-10;55363105292632;;;kom;13,99;;;;13,99;13,99;;DA;EUR
LED svjetlo za bicikl DL-27;55363105390936;;;kom;9,99;;;;9,99;9,99;;DA;EUR
LED svjetlo za bicikl DT-16;55363105554776;;;kom;13,00;;;;13,00;13,00;;DA;EUR
Lux-Soft deka od mikrovlakana - Bež;55363258646872;;;kom;30,99;;;;30,99;30,99;;DA;EUR
Lux-Soft deka od mikrovlakana - Ljubičasta;55812094132568;;;kom;30,99;;;;30,99;30,99;;DA;EUR
Lux-Soft deka od mikrovlakana - Plava;55363258581336;;;kom;30,99;;;;30,99;30,99;;DA;EUR
Lux-Soft deka od mikrovlakana - Roza;55363258614104;;;kom;30,99;;;;30,99;30,99;;DA;EUR
Lux-Soft deka od mikrovlakana - Smeđa;56671832310104;;;kom;30,99;;;;30,99;30,99;;DA;EUR
Lux-Soft deka od mikrovlakana - Tamnosiva;55812094067032;;;kom;30,99;;;;30,99;30,99;;DA;EUR
Lux-Soft deka od mikrovlakana - Zelena;55363258679640;;;kom;30,99;;;;30,99;30,99;;DA;EUR
LUXELUX 4 u 1 gel kapsule za pranje rublja – 50 kom;56356954177880;;;kom;8,99;;;;8,99;8,99;;DA;EUR
LUXELUX 7 u 1 kapsule za pranje rublja – 50 kom;56356954014040;;;kom;10,49;;;;10,49;10,49;;DA;EUR
LUXELUX 7 u 1 mirisne kapsule za pranje rublja – 30 kom;56356954046808;;;kom;7,99;;;;7,99;7,99;;DA;EUR
LUXELUX Deep Clean kapsule za pranje rublja – 50 kom;56356954112344;;;kom;10,99;;;;10,99;10,99;;DA;EUR
LUXELUX Deep Clean kapsule za pranje rublja – Perfume Sensation, 40 kom;56356954079576;;;kom;9,99;;;;9,99;9,99;;DA;EUR
LUXELUX Renew & Care kapsule za pranje – Miami’s Kiss, 25 kom;56356954145112;;;kom;9,99;;;;9,99;9,99;;DA;EUR
LUXELUX Renew & Care kapsule za pranje – Mystic Veil, 30 kom;56356953981272;;;kom;8,99;;;;8,99;8,99;;DA;EUR
Mekana deka LUX 200x230 cm - #1;55363249373528;;;kom;29,99;;;;29,99;29,99;;NE;EUR
Mekana deka LUX 200x230 cm - #2;55363249406296;;;kom;29,99;;;;29,99;29,99;;NE;EUR
Mekana deka LUX 200x230 cm - #3;55363249439064;;;kom;29,99;;;;29,99;29,99;;NE;EUR
Mekana deka LUX 200x230 cm - #4;55363249471832;;;kom;29,99;;;;29,99;29,99;;NE;EUR
Mekana deka LUX 200x230 cm - #5;55363249504600;;;kom;29,99;;;;29,99;29,99;;NE;EUR
Mekana deka LUX 200x230 cm - #6;55363249537368;;;kom;29,99;;;;29,99;29,99;;NE;EUR
Mekana deka LUX 200x230 cm - #7;55363249570136;;;kom;29,99;;;;29,99;29,99;;NE;EUR
Mekana deka s tigrastim uzorkom (200x230) - 1;56122725826904;;;kom;19,99;;;;19,99;19,99;;DA;EUR
Mekana deka s tigrastim uzorkom (200x230) - 2;56122725859672;;;kom;19,99;;;;19,99;19,99;;DA;EUR
Mekana deka s tigrastim uzorkom (200x230) - 3;56122725892440;;;kom;19,99;;;;19,99;19,99;;DA;EUR
Mekana deka s tigrastim uzorkom (200x230) - 4;56122725925208;;;kom;19,99;;;;19,99;19,99;;DA;EUR
Mekana deka s tigrastim uzorkom (200x230) - 5;56122725957976;;;kom;19,99;;;;19,99;19,99;;NE;EUR
Memorijski jastuk - Bijela;55363083895128;;;kom;22,99;;;;22,99;22,99;;DA;EUR
Memorijski jastuk - Siva;55363083927896;;;kom;22,99;;;;22,99;22,99;;DA;EUR
MINI ZVUČNIK PC K5 (Crni);57186445459800;New Science;;kom;11,50;;;;11,50;11,50;;DA;EUR
MINI ZVUČNIK PC K6 (Bijeli);139623;New Science;;kom;14,50;;;;14,50;14,50;;DA;EUR
MINI ZVUČNIK PC K7 CRNI;139661;New Science;;kom;14,50;;;;14,50;14,50;;DA;EUR
MINI ZVUČNIK PC K9 (Bijeli);139654;New Science;;kom;14,50;;;;14,50;14,50;;DA;EUR
MINI ZVUČNIK PC K9 (Crni);139647;New Science;;kom;14,50;;;;14,50;14,50;;DA;EUR
MIS BEŽIČNI S-01 BIJELA;57186439790936;;;kom;12,00;;;;12,00;12,00;;DA;EUR
MIS BEŽIČNI S-01 SIVA;57186439725400;;;kom;12,00;;;;12,00;12,00;;DA;EUR
MIS BEŽIČNI S-02 BIJELA;57186439692632;;;kom;9,50;;;;9,50;9,50;;DA;EUR
MIS BEŽIČNI S-02 CRNI;57186438775128;;;kom;9,50;;;;9,50;9,50;;DA;EUR
MIS BEŽIČNI S-03 BIJELA;57186439659864;;;kom;10,50;;;;10,50;10,50;;DA;EUR
MIS BEŽIČNI S-03 SIVA;57186439627096;;;kom;10,50;;;;10,50;10,50;;DA;EUR
MIS BEŽIČNI S-04 CRNI;57186439594328;;;kom;12,99;;;;12,99;12,99;;DA;EUR
MIS BEŽIČNI S-04 SIVA;57186439561560;;;kom;12,99;;;;12,99;12,99;;DA;EUR
Miš bežični M2 Crni;57186439496024;;;kom;6,50;;;;6,50;6,50;;DA;EUR
Miš sa kabelom M2-4 CrnI;57186439463256;;;kom;8,50;;;;8,50;8,50;;DA;EUR
Miš sa kabelom M5 Crni;57186439397720;;;kom;7,50;;;;7,50;7,50;;DA;EUR
Miš sa kabelom M6 Crni;57186439332184;;;kom;7,50;;;;7,50;7,50;;DA;EUR
Miš sa kabelom M8 Bijeli;57186439233880;;;kom;7,50;;;;7,50;7,50;;DA;EUR
Miš sa kabelom M8 Crni;57186439168344;;;kom;7,90;;;;7,90;7,90;;DA;EUR
Miš sa kabelom N600 Bijeli;57186439102808;;;kom;6,00;;;;6,00;6,00;;DA;EUR
Miš sa kabelom N600 Crni;57186438709592;;;kom;6,00;;;;6,00;6,00;;DA;EUR
Multifunkcijski Daljinski CRC 707V;57186440937816;New Science;;kom;12,90;;;;12,90;12,90;;DA;EUR
Navlaka listići - Bijela;56834988048728;;;kom;23,99;;;;23,99;23,99;;DA;EUR
Navlaka listići - Siva;56834988081496;;;kom;23,99;;;;23,99;23,99;;DA;EUR
Navlaka listići - Smeđa;56834988114264;;;kom;23,99;;;;23,99;23,99;;DA;EUR
Navlaka Square - set 6 komada - Bež;55363285090648;;;kom;22,99;;;;22,99;22,99;;DA;EUR
Navlaka Square - set 6 komada - Bijela;55363284992344;;;kom;22,99;;;;22,99;22,99;;NE;EUR
Navlaka Square - set 6 komada - Bordo;56834987819352;;;kom;22,99;;;;22,99;22,99;;DA;EUR
Navlaka Square - set 6 komada - Crna;55363285025112;;;kom;22,99;;;;22,99;22,99;;DA;EUR
Navlaka Square - set 6 komada - Karamel;56834987753816;;;kom;22,99;;;;22,99;22,99;;DA;EUR
Navlaka Square - set 6 komada - Mint;56834987786584;;;kom;22,99;;;;22,99;22,99;;DA;EUR
Navlaka Square - set 6 komada - Plava;55363285320024;;;kom;22,99;;;;22,99;22,99;;DA;EUR
Navlaka Square - set 6 komada - Roza;55363285287256;;;kom;22,99;;;;22,99;22,99;;DA;EUR
Navlaka Square - set 6 komada - Svijetlo plava;55363284959576;;;kom;22,99;;;;22,99;22,99;;NE;EUR
Navlaka Square - set 6 komada - Svijetlo siva;55363285188952;;;kom;22,99;;;;22,99;22,99;;DA;EUR
Navlaka Square - set 6 komada - Tamno siva;55363285221720;;;kom;22,99;;;;22,99;22,99;;DA;EUR
Navlaka Square - set 6 komada - Tamno smeđa;55363285057880;;;kom;22,99;;;;22,99;22,99;;DA;EUR
Navlaka Square - set 6 komada - Tirkizna;55363285352792;;;kom;22,99;;;;22,99;22,99;;NE;EUR
Navlake  Shapefit - set 6 komada - #1;55363282534744;;;kom;22,99;;;;22,99;22,99;;DA;EUR
Navlake  Shapefit - set 6 komada - #10;55363282862424;;;kom;22,99;;;;22,99;22,99;;DA;EUR
Navlake  Shapefit - set 6 komada - #2;55363282567512;;;kom;22,99;;;;22,99;22,99;;NE;EUR
Navlake  Shapefit - set 6 komada - #3;55363282600280;;;kom;22,99;;;;22,99;22,99;;DA;EUR
Navlake  Shapefit - set 6 komada - #4;55363282633048;;;kom;22,99;;;;22,99;22,99;;DA;EUR
Navlake  Shapefit - set 6 komada - #5;55363282665816;;;kom;22,99;;;;22,99;22,99;;DA;EUR
Navlake  Shapefit - set 6 komada - #6;55363282698584;;;kom;22,99;;;;22,99;22,99;;NE;EUR
Navlake  Shapefit - set 6 komada - #7;55363282731352;;;kom;22,99;;;;22,99;22,99;;NE;EUR
Navlake  Shapefit - set 6 komada - #8;55363282764120;;;kom;22,99;;;;22,99;22,99;;NE;EUR
Navlake  Shapefit - set 6 komada - #9;55363282829656;;;kom;22,99;;;;22,99;22,99;;DA;EUR
Navlake Leaf - set 6 komada - 1;55363272147288;;;kom;23,99;;;;23,99;23,99;;NE;EUR
Navlake Leaf - set 6 komada - 2;55363272180056;;;kom;23,99;;;;23,99;23,99;;DA;EUR
Navlake Leaf - set 6 komada - 3;55363272212824;;;kom;23,99;;;;23,99;23,99;;DA;EUR
Navlake Leaf - set 6 komada - 4;55363272245592;;;kom;23,99;;;;23,99;23,99;;NE;EUR
Navlake Leaf - set 6 komada - 5;55363272278360;;;kom;23,99;;;;23,99;23,99;;NE;EUR
Navlake Leaf - set 6 komada - 6;55363272311128;;;kom;23,99;;;;23,99;23,99;;NE;EUR
Navlake Leaf - set 6 komada - 7;55363272343896;;;kom;23,99;;;;23,99;23,99;;DA;EUR
Navlake pletene sa uzorkom - Bež;56834987884888;;;kom;23,99;;;;23,99;23,99;;DA;EUR
Navlake pletene sa uzorkom - Bordo;56834987950424;;;kom;23,99;;;;23,99;23,99;;DA;EUR
Navlake pletene sa uzorkom - Karamel;56834987917656;;;kom;23,99;;;;23,99;23,99;;DA;EUR
Navlake pletene sa uzorkom - Smeđa;56834987983192;;;kom;23,99;;;;23,99;23,99;;DA;EUR
Navlake pletene sa uzorkom - Tamno siva;56834987852120;;;kom;23,99;;;;23,99;23,99;;DA;EUR
Navlake za stolice list - set 6 komada - Bež;55363196420440;;;kom;23,99;;;;23,99;23,99;;NE;EUR
Navlake za stolice list - set 6 komada - Crna;55363196191064;;;kom;23,99;;;;23,99;23,99;;DA;EUR
Navlake za stolice list - set 6 komada - Crvena (bordo);55865979601240;;;kom;23,99;;;;23,99;23,99;;DA;EUR
Navlake za stolice list - set 6 komada - Siva;55363196223832;;;kom;23,99;;;;23,99;23,99;;DA;EUR
Navlake za stolice list - set 6 komada - Smeđa (kamel);55865979568472;;;kom;23,99;;;;23,99;23,99;;NE;EUR
Navlake za stolice list - set 6 komada - Tamnosiva;55363196256600;;;kom;23,99;;;;23,99;23,99;;NE;EUR
Navlake za stolice list - set 6 komada - Tamnosmeđa;55363196322136;;;kom;23,99;;;;23,99;23,99;;DA;EUR
Navlake za stolice list - set 6 komada - Tirkizna;55363196387672;;;kom;23,99;;;;23,99;23,99;;DA;EUR
NewScience® Maskica za Mobitel Silikonski IP - iPhone 14 PLUS/13PRO MAX / Crna;57186448277848;New Science;;kom;5,50;;;;5,50;5,50;;DA;EUR
NewScience® Maskica za Mobitel Silikonski IP - iPhone 14 PLUS/13PRO MAX / Crvena;57186448376152;New Science;;kom;5,50;;;;5,50;5,50;;DA;EUR
NewScience® Maskica za Mobitel Silikonski IP - iPhone 14 PLUS/13PRO MAX / Ljubičasta;57186448408920;New Science;;kom;5,50;;;;5,50;5,50;;DA;EUR
NewScience® Maskica za Mobitel Silikonski IP - iPhone 14 PLUS/13PRO MAX / Ružičasta;57186448441688;New Science;;kom;5,50;;;;5,50;5,50;;DA;EUR
NewScience® Maskica za Mobitel Silikonski IP - iPhone 14 PLUS/13PRO MAX / Tamna plava;57186448310616;New Science;;kom;5,50;;;;5,50;5,50;;DA;EUR
NewScience® Maskica za Mobitel Silikonski IP - iPhone 14 PLUS/13PRO MAX / Zelene;57186448343384;New Science;;kom;5,50;;;;5,50;5,50;;DA;EUR
NewScience® Maskica za Mobitel Silikonski IP - iPhone 14 PRO / Crna;57186448081240;New Science;;kom;5,50;;;;5,50;5,50;;DA;EUR
NewScience® Maskica za Mobitel Silikonski IP - iPhone 14 PRO / Crvena;57186448179544;New Science;;kom;5,50;;;;5,50;5,50;;DA;EUR
NewScience® Maskica za Mobitel Silikonski IP - iPhone 14 PRO / Ljubičasta;57186448212312;New Science;;kom;5,50;;;;5,50;5,50;;DA;EUR
NewScience® Maskica za Mobitel Silikonski IP - iPhone 14 PRO / Ružičasta;57186448245080;New Science;;kom;5,50;;;;5,50;5,50;;DA;EUR
NewScience® Maskica za Mobitel Silikonski IP - iPhone 14 PRO / Tamna plava;57186448114008;New Science;;kom;5,50;;;;5,50;5,50;;DA;EUR
NewScience® Maskica za Mobitel Silikonski IP - iPhone 14 PRO / Zelene;57186448146776;New Science;;kom;5,50;;;;5,50;5,50;;DA;EUR
NewScience® Maskica za Mobitel Silikonski IP - iPhone 14 PROMAX / Crna;57186447884632;New Science;;kom;5,50;;;;5,50;5,50;;DA;EUR
NewScience® Maskica za Mobitel Silikonski IP - iPhone 14 PROMAX / Crvena;57186447982936;New Science;;kom;5,50;;;;5,50;5,50;;DA;EUR
NewScience® Maskica za Mobitel Silikonski IP - iPhone 14 PROMAX / Ljubičasta;57186448015704;New Science;;kom;5,50;;;;5,50;5,50;;DA;EUR
NewScience® Maskica za Mobitel Silikonski IP - iPhone 14 PROMAX / Ružičasta;57186448048472;New Science;;kom;5,50;;;;5,50;5,50;;DA;EUR
NewScience® Maskica za Mobitel Silikonski IP - iPhone 14 PROMAX / Tamna plava;57186447917400;New Science;;kom;5,50;;;;5,50;5,50;;DA;EUR
NewScience® Maskica za Mobitel Silikonski IP - iPhone 14 PROMAX / Zelene;57186447950168;New Science;;kom;5,50;;;;5,50;5,50;;DA;EUR
NewScience® Maskica za Mobitel Silikonski IP - iPhone 14/13/13PRO / Crna;57186448474456;New Science;;kom;5,50;;;;5,50;5,50;;DA;EUR
NewScience® Maskica za Mobitel Silikonski IP - iPhone 14/13/13PRO / Crvena;57186448572760;New Science;;kom;5,50;;;;5,50;5,50;;DA;EUR
NewScience® Maskica za Mobitel Silikonski IP - iPhone 14/13/13PRO / Ljubičasta;57186448605528;New Science;;kom;5,50;;;;5,50;5,50;;DA;EUR
NewScience® Maskica za Mobitel Silikonski IP - iPhone 14/13/13PRO / Ružičasta;57186448638296;New Science;;kom;5,50;;;;5,50;5,50;;DA;EUR
NewScience® Maskica za Mobitel Silikonski IP - iPhone 14/13/13PRO / Tamna plava;57186448507224;New Science;;kom;5,50;;;;5,50;5,50;;DA;EUR
NewScience® Maskica za Mobitel Silikonski IP - iPhone 14/13/13PRO / Zelene;57186448539992;New Science;;kom;5,50;;;;5,50;5,50;;DA;EUR
NewScience® Maskica za Mobitel Silikonski IP - iPhone 15 / Crna;57186447688024;New Science;;kom;5,50;;;;5,50;5,50;;DA;EUR
NewScience® Maskica za Mobitel Silikonski IP - iPhone 15 / Crvena;57186447786328;New Science;;kom;5,50;;;;5,50;5,50;;DA;EUR
NewScience® Maskica za Mobitel Silikonski IP - iPhone 15 / Ljubičasta;57186447819096;New Science;;kom;5,50;;;;5,50;5,50;;DA;EUR
NewScience® Maskica za Mobitel Silikonski IP - iPhone 15 / Ružičasta;57186447851864;New Science;;kom;5,50;;;;5,50;5,50;;DA;EUR
NewScience® Maskica za Mobitel Silikonski IP - iPhone 15 / Tamna plava;57186447720792;New Science;;kom;5,50;;;;5,50;5,50;;DA;EUR
NewScience® Maskica za Mobitel Silikonski IP - iPhone 15 / Zelene;57186447753560;New Science;;kom;5,50;;;;5,50;5,50;;DA;EUR
NewScience® Maskica za Mobitel Silikonski IP - iPhone 15 PLUS / Crna;57186447491416;New Science;;kom;5,50;;;;5,50;5,50;;DA;EUR
NewScience® Maskica za Mobitel Silikonski IP - iPhone 15 PLUS / Crvena;57186447589720;New Science;;kom;5,50;;;;5,50;5,50;;DA;EUR
NewScience® Maskica za Mobitel Silikonski IP - iPhone 15 PLUS / Ljubičasta;57186447622488;New Science;;kom;5,50;;;;5,50;5,50;;DA;EUR
NewScience® Maskica za Mobitel Silikonski IP - iPhone 15 PLUS / Ružičasta;57186447655256;New Science;;kom;5,50;;;;5,50;5,50;;DA;EUR
NewScience® Maskica za Mobitel Silikonski IP - iPhone 15 PLUS / Tamna plava;57186447524184;New Science;;kom;5,50;;;;5,50;5,50;;DA;EUR
NewScience® Maskica za Mobitel Silikonski IP - iPhone 15 PLUS / Zelene;57186447556952;New Science;;kom;5,50;;;;5,50;5,50;;DA;EUR
NewScience® Maskica za Mobitel Silikonski IP - iPhone 15 PRO / Crna;57186447294808;New Science;;kom;5,50;;;;5,50;5,50;;DA;EUR
NewScience® Maskica za Mobitel Silikonski IP - iPhone 15 PRO / Crvena;57186447393112;New Science;;kom;5,50;;;;5,50;5,50;;DA;EUR
NewScience® Maskica za Mobitel Silikonski IP - iPhone 15 PRO / Ljubičasta;57186447425880;New Science;;kom;5,50;;;;5,50;5,50;;DA;EUR
NewScience® Maskica za Mobitel Silikonski IP - iPhone 15 PRO / Ružičasta;57186447458648;New Science;;kom;5,50;;;;5,50;5,50;;DA;EUR
NewScience® Maskica za Mobitel Silikonski IP - iPhone 15 PRO / Tamna plava;57186447327576;New Science;;kom;5,50;;;;5,50;5,50;;DA;EUR
NewScience® Maskica za Mobitel Silikonski IP - iPhone 15 PRO / Zelene;57186447360344;New Science;;kom;5,50;;;;5,50;5,50;;DA;EUR
NewScience® Maskica za Mobitel Silikonski IP - iPhone 15 PROMAX / Crna;57186447098200;New Science;;kom;5,50;;;;5,50;5,50;;DA;EUR
NewScience® Maskica za Mobitel Silikonski IP - iPhone 15 PROMAX / Crvena;57186447196504;New Science;;kom;5,50;;;;5,50;5,50;;DA;EUR
NewScience® Maskica za Mobitel Silikonski IP - iPhone 15 PROMAX / Ljubičasta;57186447229272;New Science;;kom;5,50;;;;5,50;5,50;;DA;EUR
NewScience® Maskica za Mobitel Silikonski IP - iPhone 15 PROMAX / Ružičasta;57186447262040;New Science;;kom;5,50;;;;5,50;5,50;;DA;EUR
NewScience® Maskica za Mobitel Silikonski IP - iPhone 15 PROMAX / Tamna plava;57186447130968;New Science;;kom;5,50;;;;5,50;5,50;;DA;EUR
NewScience® Maskica za Mobitel Silikonski IP - iPhone 15 PROMAX / Zelene;57186447163736;New Science;;kom;5,50;;;;5,50;5,50;;DA;EUR
NewScience® Maskica za Mobitel Silikonski IP - iPhone 16 / Crna;57186446901592;New Science;;kom;5,50;;;;5,50;5,50;;DA;EUR
NewScience® Maskica za Mobitel Silikonski IP - iPhone 16 / Crvena;57186446999896;New Science;;kom;5,50;;;;5,50;5,50;;DA;EUR
NewScience® Maskica za Mobitel Silikonski IP - iPhone 16 / Ljubičasta;57186447032664;New Science;;kom;5,50;;;;5,50;5,50;;DA;EUR
NewScience® Maskica za Mobitel Silikonski IP - iPhone 16 / Ružičasta;57186447065432;New Science;;kom;5,50;;;;5,50;5,50;;DA;EUR
NewScience® Maskica za Mobitel Silikonski IP - iPhone 16 / Tamna plava;57186446934360;New Science;;kom;5,50;;;;5,50;5,50;;DA;EUR
NewScience® Maskica za Mobitel Silikonski IP - iPhone 16 / Zelene;57186446967128;New Science;;kom;5,50;;;;5,50;5,50;;DA;EUR
NewScience® Maskica za Mobitel Silikonski IP - iPhone 16 PLUS / Crna;57186446704984;New Science;;kom;5,50;;;;5,50;5,50;;DA;EUR
NewScience® Maskica za Mobitel Silikonski IP - iPhone 16 PLUS / Crvena;57186446803288;New Science;;kom;5,50;;;;5,50;5,50;;DA;EUR
NewScience® Maskica za Mobitel Silikonski IP - iPhone 16 PLUS / Ljubičasta;57186446836056;New Science;;kom;5,50;;;;5,50;5,50;;DA;EUR
NewScience® Maskica za Mobitel Silikonski IP - iPhone 16 PLUS / Ružičasta;57186446868824;New Science;;kom;5,50;;;;5,50;5,50;;DA;EUR
NewScience® Maskica za Mobitel Silikonski IP - iPhone 16 PLUS / Tamna plava;57186446737752;New Science;;kom;5,50;;;;5,50;5,50;;DA;EUR
NewScience® Maskica za Mobitel Silikonski IP - iPhone 16 PLUS / Zelene;57186446770520;New Science;;kom;5,50;;;;5,50;5,50;;DA;EUR
NewScience® Maskica za Mobitel Silikonski IP - iPhone 16 PRO / Crna;57186446508376;New Science;;kom;5,50;;;;5,50;5,50;;DA;EUR
NewScience® Maskica za Mobitel Silikonski IP - iPhone 16 PRO / Crvena;57186446606680;New Science;;kom;5,50;;;;5,50;5,50;;DA;EUR
NewScience® Maskica za Mobitel Silikonski IP - iPhone 16 PRO / Ljubičasta;57186446639448;New Science;;kom;5,50;;;;5,50;5,50;;DA;EUR
NewScience® Maskica za Mobitel Silikonski IP - iPhone 16 PRO / Ružičasta;57186446672216;New Science;;kom;5,50;;;;5,50;5,50;;DA;EUR
NewScience® Maskica za Mobitel Silikonski IP - iPhone 16 PRO / Tamna plava;57186446541144;New Science;;kom;5,50;;;;5,50;5,50;;DA;EUR
NewScience® Maskica za Mobitel Silikonski IP - iPhone 16 PRO / Zelene;57186446573912;New Science;;kom;5,50;;;;5,50;5,50;;DA;EUR
NewScience® Maskica za Mobitel Silikonski IP - iPhone 16 PROMAX / Crna;57186446311768;New Science;;kom;5,50;;;;5,50;5,50;;DA;EUR
NewScience® Maskica za Mobitel Silikonski IP - iPhone 16 PROMAX / Crvena;57186446410072;New Science;;kom;5,50;;;;5,50;5,50;;DA;EUR
NewScience® Maskica za Mobitel Silikonski IP - iPhone 16 PROMAX / Ljubičasta;57186446442840;New Science;;kom;5,50;;;;5,50;5,50;;DA;EUR
NewScience® Maskica za Mobitel Silikonski IP - iPhone 16 PROMAX / Ružičasta;57186446475608;New Science;;kom;5,50;;;;5,50;5,50;;DA;EUR
NewScience® Maskica za Mobitel Silikonski IP - iPhone 16 PROMAX / Tamna plava;57186446344536;New Science;;kom;5,50;;;;5,50;5,50;;DA;EUR
NewScience® Maskica za Mobitel Silikonski IP - iPhone 16 PROMAX / Zelene;57186446377304;New Science;;kom;5,50;;;;5,50;5,50;;DA;EUR
NewScience® Maskica za Mobitel Silikonski IP - iPhone 17 / Crna;57186445918552;New Science;;kom;5,50;;;;5,50;5,50;;DA;EUR
NewScience® Maskica za Mobitel Silikonski IP - iPhone 17 / Crvena;57186446016856;New Science;;kom;5,50;;;;5,50;5,50;;DA;EUR
NewScience® Maskica za Mobitel Silikonski IP - iPhone 17 / Ljubičasta;57186446049624;New Science;;kom;5,50;;;;5,50;5,50;;DA;EUR
NewScience® Maskica za Mobitel Silikonski IP - iPhone 17 / Ružičasta;57186446082392;New Science;;kom;5,50;;;;5,50;5,50;;DA;EUR
NewScience® Maskica za Mobitel Silikonski IP - iPhone 17 / Tamna plava;57186445951320;New Science;;kom;5,50;;;;5,50;5,50;;DA;EUR
NewScience® Maskica za Mobitel Silikonski IP - iPhone 17 / Zelene;57186445984088;New Science;;kom;5,50;;;;5,50;5,50;;DA;EUR
NewScience® Maskica za Mobitel Silikonski IP - iPhone 17 Air / Crna;57186446115160;New Science;;kom;5,50;;;;5,50;5,50;;DA;EUR
NewScience® Maskica za Mobitel Silikonski IP - iPhone 17 Air / Crvena;57186446213464;New Science;;kom;5,50;;;;5,50;5,50;;DA;EUR
NewScience® Maskica za Mobitel Silikonski IP - iPhone 17 Air / Ljubičasta;57186446246232;New Science;;kom;5,50;;;;5,50;5,50;;DA;EUR
NewScience® Maskica za Mobitel Silikonski IP - iPhone 17 Air / Ružičasta;57186446279000;New Science;;kom;5,50;;;;5,50;5,50;;DA;EUR
NewScience® Maskica za Mobitel Silikonski IP - iPhone 17 Air / Tamna plava;57186446147928;New Science;;kom;5,50;;;;5,50;5,50;;DA;EUR
NewScience® Maskica za Mobitel Silikonski IP - iPhone 17 Air / Zelene;57186446180696;New Science;;kom;5,50;;;;5,50;5,50;;DA;EUR
NewScience® Maskica za Mobitel Silikonski IP - iPhone 17 PRO / Crna;57186445721944;New Science;;kom;5,50;;;;5,50;5,50;;DA;EUR
NewScience® Maskica za Mobitel Silikonski IP - iPhone 17 PRO / Crvena;57186445820248;New Science;;kom;5,50;;;;5,50;5,50;;DA;EUR
NewScience® Maskica za Mobitel Silikonski IP - iPhone 17 PRO / Ljubičasta;57186445853016;New Science;;kom;5,50;;;;5,50;5,50;;DA;EUR
NewScience® Maskica za Mobitel Silikonski IP - iPhone 17 PRO / Ružičasta;57186445885784;New Science;;kom;5,50;;;;5,50;5,50;;DA;EUR
NewScience® Maskica za Mobitel Silikonski IP - iPhone 17 PRO / Tamna plava;57186445754712;New Science;;kom;5,50;;;;5,50;5,50;;DA;EUR
NewScience® Maskica za Mobitel Silikonski IP - iPhone 17 PRO / Zelene;57186445787480;New Science;;kom;5,50;;;;5,50;5,50;;DA;EUR
NewScience® Maskica za Mobitel Silikonski IP - iPhone 17 PROMAX / Crna;57186445525336;New Science;;kom;5,50;;;;5,50;5,50;;DA;EUR
NewScience® Maskica za Mobitel Silikonski IP - iPhone 17 PROMAX / Crvena;57186445623640;New Science;;kom;5,50;;;;5,50;5,50;;DA;EUR
NewScience® Maskica za Mobitel Silikonski IP - iPhone 17 PROMAX / Ljubičasta;57186445656408;New Science;;kom;5,50;;;;5,50;5,50;;DA;EUR
NewScience® Maskica za Mobitel Silikonski IP - iPhone 17 PROMAX / Ružičasta;57186445689176;New Science;;kom;5,50;;;;5,50;5,50;;DA;EUR
NewScience® Maskica za Mobitel Silikonski IP - iPhone 17 PROMAX / Tamna plava;57186445558104;New Science;;kom;5,50;;;;5,50;5,50;;DA;EUR
NewScience® Maskica za Mobitel Silikonski IP - iPhone 17 PROMAX / Zelene;57186445590872;New Science;;kom;5,50;;;;5,50;5,50;;DA;EUR
NewScience® Preklopna maskica za RedMi- Umjetna koža - NOTE 14 4G / Bordo;57186448769368;New Science;;kom;11,90;;;;11,90;11,90;;DA;EUR
NewScience® Preklopna maskica za RedMi- Umjetna koža - NOTE 14 4G / Crna;57186448671064;New Science;;kom;11,90;;;;11,90;11,90;;DA;EUR
NewScience® Preklopna maskica za RedMi- Umjetna koža - NOTE 14 4G / Tamna plava;57186448703832;New Science;;kom;11,90;;;;11,90;11,90;;DA;EUR
NewScience® Preklopna maskica za RedMi- Umjetna koža - NOTE 14 4G / Zelene;57186448736600;New Science;;kom;11,90;;;;11,90;11,90;;DA;EUR
NewScience®Zidni brzo punjač  1USB-C+1USB 25W+25W Model:12676;12676;New Science;;kom;12,90;;;;12,90;12,90;;DA;EUR
NewScience®Zidni brzo punjač  1USB-C+1USB 30W+30W  Model:39111;57186449326424;New Science;;kom;15,90;;;;15,90;15,90;;DA;EUR
NewScience®Zidni brzo punjač  2USB 24W Model:14755;14755;New Science;;kom;9,90;;;;9,90;9,90;;DA;EUR
NewScience®Zidni brzo punjač  2USB-C35W+35W Model:42572;42572;New Science;;kom;22,90;;;;22,90;22,90;;DA;EUR
NewScience®Zidni brzo punjač  3USB 20W+25W  Model:15523;15523;New Science;;kom;19,90;;;;19,90;19,90;;DA;EUR
NewScience®Zidni brzo punjač  PD TYPE C 30W  Model:15028;115028;New Science;;kom;11,90;;;;11,90;11,90;;DA;EUR
NewScience®Zidni brzo punjač  PD TYPE C 30W  Model:15257;15257;New Science;;kom;12,90;;;;12,90;12,90;;DA;EUR
NewScience®Zidni brzo punjač  PD TYPE C 30W  Model:15950;15950;New Science;;kom;11,90;;;;11,90;11,90;;DA;EUR
NewScience®Zidni brzo punjač  PD TYPE C 30W  Model:39104;39104;New Science;;kom;15,90;;;;15,90;15,90;;DA;EUR
NewScience®Zidni brzo punjač  PD TYPE C 30W  Model:43354;43354;New Science;;kom;9,90;;;;9,90;9,90;;DA;EUR
NewScience®Zidni brzo punjač  PD-USB-C 22.5W  Model:37452;37452;New Science;;kom;9,90;;;;9,90;9,90;;DA;EUR
NewScience®Zidni brzo punjač  PD-USB-C20W  Model:14229;14229;New Science;;kom;11,90;;;;11,90;11,90;;DA;EUR
NewScience®Zidni brzo punjač  PD-USB-C20W  Model:15875;15875;New Science;;kom;11,90;;;;11,90;11,90;;DA;EUR
NewScience®Zidni brzo punjač  QC   USB  - 25W Model:14670;SLD-T57;New Science;;kom;9,90;;;;9,90;9,90;;DA;EUR
NewScience®Zidni brzo punjač  USB 20W  Model:43736;43736;New Science;;kom;8,80;;;;8,80;8,80;;DA;EUR
NewScience®Zidni brzo punjač  USB 25W  Model:13932;13932;New Science;;kom;8,80;;;;8,80;8,80;;DA;EUR
NewScience®Zidni brzo punjač  USB 25W  Model:14670;14670;New Science;;kom;12,90;;;;12,90;12,90;;DA;EUR
NewScience®Zidni brzo punjač  USB 25W  Model:14724;14724;New Science;;kom;11,90;;;;11,90;11,90;;DA;EUR
NewScience®Zidni brzo punjač  USB 25W  Model:14724;57186449883480;New Science;;kom;11,90;;;;11,90;11,90;;DA;EUR
NewScience®Zidni brzo punjač  USB 25W  Model:15264;15264;New Science;;kom;12,90;;;;12,90;12,90;;DA;EUR
NewScience®Zidni brzo punjač  USB 25W  Model:15318;15318;New Science;;kom;11,90;;;;11,90;11,90;;DA;EUR
NewScience®Zidni brzo punjač  USB 25W  Model:44122;44122;New Science;;kom;9,50;;;;9,50;9,50;;DA;EUR
NewScience®Zidni brzo punjač  USB 25W  Model:44146;44146;New Science;;kom;8,80;;;;8,80;8,80;;DA;EUR
NewScience®Zidni brzo punjač  USB 40W  Model:14038;14038;New Science;;kom;12,90;;;;12,90;12,90;;DA;EUR
NewScience®Zidni punjač  USB 12W  Model:13581;13581;New Science;;kom;3,90;;;;3,90;3,90;;DA;EUR
NewScience®Zidni punjač  USB 15W  Model:14830;14830;New Science;;kom;8,80;;;;8,80;8,80;;DA;EUR
NewScience®Zidni punjač  USB 15W  Model:14847;14847;New Science;;kom;7,50;;;;7,50;7,50;;DA;EUR
NewScience®Zidni punjač  USB 15W  Model:15059;15059;New Science;;kom;7,50;;;;7,50;7,50;;DA;EUR
NewScience®Zidni punjač  USB 15W  Model:15615;15615;New Science;;kom;6,90;;;;6,90;6,90;;DA;EUR
Noćno svjetlo LED Sova;55363105947992;;;kom;6,00;;;;6,00;6,00;;DA;EUR
Organizator za čarape i donje rublje - L;55363264086360;;;kom;6,50;;;;6,50;6,50;;DA;EUR
Organizator za čarape i donje rublje - M;55363264053592;;;kom;5,99;;;;5,99;5,99;;DA;EUR
Organizator za čarape i donje rublje - S;55363264020824;;;kom;4,99;;;;4,99;4,99;;DA;EUR
Pametna Kamera SMS1;55363101983064;;;kom;57,00;;;;57,00;57,00;;DA;EUR
Pametna LED svjetiljka DL-3 – USB punjenje;55363106177368;;;kom;11,50;;;;11,50;11,50;;DA;EUR
Pamučne jastučnice 50x70 / 2+2 GRATIS - Bijela;55363205136728;;;kom;14,99;;;;14,99;14,99;;NE;EUR
Pamučne jastučnice 50x70 / 2+2 GRATIS - Breskva;55363205235032;;;kom;14,99;;;;14,99;14,99;;NE;EUR
Pamučne jastučnice 50x70 / 2+2 GRATIS - Crna;55363205038424;;;kom;14,99;;;;14,99;14,99;;NE;EUR
Pamučne jastučnice 50x70 / 2+2 GRATIS - Crvena;55363205169496;;;kom;14,99;;;;14,99;14,99;;NE;EUR
Pamučne jastučnice 50x70 / 2+2 GRATIS - Lila;55363205202264;;;kom;14,99;;;;14,99;14,99;;DA;EUR
Pamučne jastučnice 50x70 / 2+2 GRATIS - Ljubičasta;55363204940120;;;kom;14,99;;;;14,99;14,99;;DA;EUR
Pamučne jastučnice 50x70 / 2+2 GRATIS - Plava;55363205071192;;;kom;14,99;;;;14,99;14,99;;DA;EUR
Pamučne jastučnice 50x70 / 2+2 GRATIS - Roza;55363205300568;;;kom;14,99;;;;14,99;14,99;;DA;EUR
Pamučne jastučnice 50x70 / 2+2 GRATIS - Siva;55363205005656;;;kom;14,99;;;;14,99;14,99;;DA;EUR
Pamučne jastučnice 50x70 / 2+2 GRATIS - Svijetlo siva;55363205267800;;;kom;14,99;;;;14,99;14,99;;DA;EUR
Pamučne jastučnice 50x70 / 2+2 GRATIS - Tirkizna;55363205103960;;;kom;14,99;;;;14,99;14,99;;DA;EUR
Pamučne jastučnice 50x70 / 2+2 GRATIS - Žuta;55363204972888;;;kom;14,99;;;;14,99;14,99;;DA;EUR
Plahta (navlaka) za madrac - 14 boja - 100x220 / Bijela;55363117318488;;;kom;11,99;;;;11,99;11,99;;DA;EUR
Plahta (navlaka) za madrac - 14 boja - 100x220 / Boja lososa (narančasto-roza);55363117613400;;;kom;13,99;;;;13,99;13,99;;DA;EUR
Plahta (navlaka) za madrac - 14 boja - 100x220 / Crna;55363117351256;;;kom;13,99;;;;13,99;13,99;;DA;EUR
Plahta (navlaka) za madrac - 14 boja - 100x220 / Ljubičasta;55363117547864;;;kom;13,99;;;;13,99;13,99;;DA;EUR
Plahta (navlaka) za madrac - 14 boja - 100x220 / Plava;55363117384024;;;kom;13,99;;;;13,99;13,99;;DA;EUR
Plahta (navlaka) za madrac - 14 boja - 100x220 / Prašnjavoroza;55363117711704;;;kom;13,99;;;;13,99;13,99;;DA;EUR
Plahta (navlaka) za madrac - 14 boja - 100x220 / Siva;55363117515096;;;kom;13,99;;;;13,99;13,99;;DA;EUR
Plahta (navlaka) za madrac - 14 boja - 100x220 / Svijetloplava;55363117646168;;;kom;13,99;;;;13,99;13,99;;DA;EUR
Plahta (navlaka) za madrac - 14 boja - 100x220 / Svijetlosiva;55363117482328;;;kom;13,99;;;;13,99;13,99;;DA;EUR
Plahta (navlaka) za madrac - 14 boja - 100x220 / Svijetlozelena;55363117580632;;;kom;13,99;;;;13,99;13,99;;DA;EUR
Plahta (navlaka) za madrac - 14 boja - 100x220 / Svijetložuta;55363117678936;;;kom;13,99;;;;13,99;13,99;;DA;EUR
Plahta (navlaka) za madrac - 14 boja - 100x220 / Tamnocrvena (bordo);55363117449560;;;kom;13,99;;;;13,99;13,99;;DA;EUR
Plahta (navlaka) za madrac - 14 boja - 100x220 / Tamnoplava;55363117416792;;;kom;13,99;;;;13,99;13,99;;DA;EUR
Plahta (navlaka) za madrac - 14 boja - 120x180 / Bijela;55363116892504;;;kom;11,99;;;;11,99;11,99;;DA;EUR
Plahta (navlaka) za madrac - 14 boja - 120x180 / Boja lososa (narančasto-roza);55363117187416;;;kom;11,99;;;;11,99;11,99;;NE;EUR
Plahta (navlaka) za madrac - 14 boja - 120x180 / Crna;55363116925272;;;kom;11,99;;;;11,99;11,99;;DA;EUR
Plahta (navlaka) za madrac - 14 boja - 120x180 / Ljubičasta;55363117121880;;;kom;11,99;;;;11,99;11,99;;NE;EUR
Plahta (navlaka) za madrac - 14 boja - 120x180 / Plava;55363116958040;;;kom;11,99;;;;11,99;11,99;;DA;EUR
Plahta (navlaka) za madrac - 14 boja - 120x180 / Prašnjavoroza;55363117285720;;;kom;13,99;;;;13,99;13,99;;NE;EUR
Plahta (navlaka) za madrac - 14 boja - 120x180 / Siva;55363117089112;;;kom;11,99;;;;11,99;11,99;;DA;EUR
Plahta (navlaka) za madrac - 14 boja - 120x180 / Svijetloplava;55363117220184;;;kom;11,99;;;;11,99;11,99;;DA;EUR
Plahta (navlaka) za madrac - 14 boja - 120x180 / Svijetlosiva;55363117056344;;;kom;11,99;;;;11,99;11,99;;DA;EUR
Plahta (navlaka) za madrac - 14 boja - 120x180 / Svijetlozelena;55363117154648;;;kom;11,99;;;;11,99;11,99;;DA;EUR
Plahta (navlaka) za madrac - 14 boja - 120x180 / Svijetložuta;55363117252952;;;kom;11,99;;;;11,99;11,99;;NE;EUR
Plahta (navlaka) za madrac - 14 boja - 120x180 / Tamnocrvena (bordo);55363117023576;;;kom;11,99;;;;11,99;11,99;;DA;EUR
Plahta (navlaka) za madrac - 14 boja - 120x180 / Tamnoplava;55363116990808;;;kom;11,99;;;;11,99;11,99;;DA;EUR
Plahta (navlaka) za madrac - 14 boja - 160x200 / Bijela;55363116466520;;;kom;11,99;;;;11,99;11,99;;DA;EUR
Plahta (navlaka) za madrac - 14 boja - 160x200 / Boja lososa (narančasto-roza);55363116761432;;;kom;11,99;;;;11,99;11,99;;NE;EUR
Plahta (navlaka) za madrac - 14 boja - 160x200 / Crna;55363116499288;;;kom;11,99;;;;11,99;11,99;;DA;EUR
Plahta (navlaka) za madrac - 14 boja - 160x200 / Ljubičasta;55363116695896;;;kom;11,99;;;;11,99;11,99;;NE;EUR
Plahta (navlaka) za madrac - 14 boja - 160x200 / Plava;55363116532056;;;kom;11,99;;;;11,99;11,99;;DA;EUR
Plahta (navlaka) za madrac - 14 boja - 160x200 / Prašnjavoroza;55363116859736;;;kom;13,99;;;;13,99;13,99;;NE;EUR
Plahta (navlaka) za madrac - 14 boja - 160x200 / Siva;55363116663128;;;kom;11,99;;;;11,99;11,99;;NE;EUR
Plahta (navlaka) za madrac - 14 boja - 160x200 / Svijetloplava;55363116794200;;;kom;11,99;;;;11,99;11,99;;DA;EUR
Plahta (navlaka) za madrac - 14 boja - 160x200 / Svijetlosiva;55363116630360;;;kom;11,99;;;;11,99;11,99;;NE;EUR
Plahta (navlaka) za madrac - 14 boja - 160x200 / Svijetlozelena;55363116728664;;;kom;11,99;;;;11,99;11,99;;DA;EUR
Plahta (navlaka) za madrac - 14 boja - 160x200 / Svijetložuta;55363116826968;;;kom;11,99;;;;11,99;11,99;;NE;EUR
Plahta (navlaka) za madrac - 14 boja - 160x200 / Tamnocrvena (bordo);55363116597592;;;kom;11,99;;;;11,99;11,99;;DA;EUR
Plahta (navlaka) za madrac - 14 boja - 160x200 / Tamnoplava;55363116564824;;;kom;11,99;;;;11,99;11,99;;DA;EUR
Plahta (navlaka) za madrac - 14 boja - 180x200 / Bijela;55363116040536;;;kom;12,99;;;;12,99;12,99;;DA;EUR
Plahta (navlaka) za madrac - 14 boja - 180x200 / Boja lososa (narančasto-roza);55363116335448;;;kom;12,99;;;;12,99;12,99;;NE;EUR
Plahta (navlaka) za madrac - 14 boja - 180x200 / Crna;55363116073304;;;kom;12,99;;;;12,99;12,99;;DA;EUR
Plahta (navlaka) za madrac - 14 boja - 180x200 / Ljubičasta;55363116269912;;;kom;12,99;;;;12,99;12,99;;NE;EUR
Plahta (navlaka) za madrac - 14 boja - 180x200 / Plava;55363116106072;;;kom;12,99;;;;12,99;12,99;;DA;EUR
Plahta (navlaka) za madrac - 14 boja - 180x200 / Prašnjavoroza;55363116433752;;;kom;13,99;;;;13,99;13,99;;NE;EUR
Plahta (navlaka) za madrac - 14 boja - 180x200 / Siva;55363116237144;;;kom;12,99;;;;12,99;12,99;;DA;EUR
Plahta (navlaka) za madrac - 14 boja - 180x200 / Svijetloplava;55363116368216;;;kom;12,99;;;;12,99;12,99;;DA;EUR
Plahta (navlaka) za madrac - 14 boja - 180x200 / Svijetlosiva;55363116204376;;;kom;12,99;;;;12,99;12,99;;DA;EUR
Plahta (navlaka) za madrac - 14 boja - 180x200 / Svijetlozelena;55363116302680;;;kom;12,99;;;;12,99;12,99;;DA;EUR
Plahta (navlaka) za madrac - 14 boja - 180x200 / Svijetložuta;55363116400984;;;kom;12,99;;;;12,99;12,99;;NE;EUR
Plahta (navlaka) za madrac - 14 boja - 180x200 / Tamnocrvena (bordo);55363116171608;;;kom;12,99;;;;12,99;12,99;;DA;EUR
Plahta (navlaka) za madrac - 14 boja - 180x200 / Tamnoplava;55363116138840;;;kom;12,99;;;;12,99;12,99;;DA;EUR
Plahta (navlaka) za madrac - 14 boja - 220x240 / Bijela;55363115614552;;;kom;13,99;;;;13,99;13,99;;DA;EUR
Plahta (navlaka) za madrac - 14 boja - 220x240 / Boja lososa (narančasto-roza);55363115909464;;;kom;13,99;;;;13,99;13,99;;DA;EUR
Plahta (navlaka) za madrac - 14 boja - 220x240 / Crna;55363115647320;;;kom;13,99;;;;13,99;13,99;;DA;EUR
Plahta (navlaka) za madrac - 14 boja - 220x240 / Ljubičasta;55363115843928;;;kom;13,99;;;;13,99;13,99;;DA;EUR
Plahta (navlaka) za madrac - 14 boja - 220x240 / Plava;55363115680088;;;kom;13,99;;;;13,99;13,99;;DA;EUR
Plahta (navlaka) za madrac - 14 boja - 220x240 / Prašnjavoroza;55363116007768;;;kom;13,99;;;;13,99;13,99;;NE;EUR
Plahta (navlaka) za madrac - 14 boja - 220x240 / Siva;55363115811160;;;kom;13,99;;;;13,99;13,99;;DA;EUR
Plahta (navlaka) za madrac - 14 boja - 220x240 / Svijetloplava;55363115942232;;;kom;13,99;;;;13,99;13,99;;DA;EUR
Plahta (navlaka) za madrac - 14 boja - 220x240 / Svijetlosiva;55363115778392;;;kom;13,99;;;;13,99;13,99;;DA;EUR
Plahta (navlaka) za madrac - 14 boja - 220x240 / Svijetlozelena;55363115876696;;;kom;13,99;;;;13,99;13,99;;DA;EUR
Plahta (navlaka) za madrac - 14 boja - 220x240 / Svijetložuta;55363115975000;;;kom;13,99;;;;13,99;13,99;;DA;EUR
Plahta (navlaka) za madrac - 14 boja - 220x240 / Tamnocrvena (bordo);55363115745624;;;kom;13,99;;;;13,99;13,99;;DA;EUR
Plahta (navlaka) za madrac - 14 boja - 220x240 / Tamnoplava;55363115712856;;;kom;13,99;;;;13,99;13,99;;DA;EUR
Poplun, silikonske granule 140x200,220x240;55363206611288;;;kom;50,00;;;;50,00;50,00;;NE;EUR
Posteljina 3-dijelna jednokrevetna - 50 dezena - 1;55363349479768;;;kom;20,99;;;;20,99;20,99;;DA;EUR
Posteljina 3-dijelna jednokrevetna - 50 dezena - 10;55363349774680;;;kom;20,99;;;;20,99;20,99;;DA;EUR
Posteljina 3-dijelna jednokrevetna - 50 dezena - 11;55363349807448;;;kom;20,99;;;;20,99;20,99;;DA;EUR
Posteljina 3-dijelna jednokrevetna - 50 dezena - 12;55363349840216;;;kom;20,99;;;;20,99;20,99;;DA;EUR
Posteljina 3-dijelna jednokrevetna - 50 dezena - 13;55363349872984;;;kom;20,99;;;;20,99;20,99;;DA;EUR
Posteljina 3-dijelna jednokrevetna - 50 dezena - 14;55363349905752;;;kom;20,99;;;;20,99;20,99;;DA;EUR
Posteljina 3-dijelna jednokrevetna - 50 dezena - 15;55363349938520;;;kom;20,99;;;;20,99;20,99;;DA;EUR
Posteljina 3-dijelna jednokrevetna - 50 dezena - 16;55363349971288;;;kom;20,99;;;;20,99;20,99;;NE;EUR
Posteljina 3-dijelna jednokrevetna - 50 dezena - 17;55363350004056;;;kom;20,99;;;;20,99;20,99;;NE;EUR
Posteljina 3-dijelna jednokrevetna - 50 dezena - 18;55363350036824;;;kom;20,99;;;;20,99;20,99;;DA;EUR
Posteljina 3-dijelna jednokrevetna - 50 dezena - 19;55363350069592;;;kom;20,99;;;;20,99;20,99;;DA;EUR
Posteljina 3-dijelna jednokrevetna - 50 dezena - 2;55363349512536;;;kom;20,99;;;;20,99;20,99;;DA;EUR
Posteljina 3-dijelna jednokrevetna - 50 dezena - 20;56535257678168;;;kom;20,99;;;;20,99;20,99;;DA;EUR
Posteljina 3-dijelna jednokrevetna - 50 dezena - 21;56535257710936;;;kom;20,99;;;;20,99;20,99;;DA;EUR
Posteljina 3-dijelna jednokrevetna - 50 dezena - 22;56535257743704;;;kom;20,99;;;;20,99;20,99;;DA;EUR
Posteljina 3-dijelna jednokrevetna - 50 dezena - 23;56535257776472;;;kom;20,99;;;;20,99;20,99;;NE;EUR
Posteljina 3-dijelna jednokrevetna - 50 dezena - 24;56535257809240;;;kom;20,99;;;;20,99;20,99;;DA;EUR
Posteljina 3-dijelna jednokrevetna - 50 dezena - 25;56535257842008;;;kom;20,99;;;;20,99;20,99;;NE;EUR
Posteljina 3-dijelna jednokrevetna - 50 dezena - 26;56535257874776;;;kom;20,99;;;;20,99;20,99;;DA;EUR
Posteljina 3-dijelna jednokrevetna - 50 dezena - 27;56535257907544;;;kom;20,99;;;;20,99;20,99;;NE;EUR
Posteljina 3-dijelna jednokrevetna - 50 dezena - 28;56535257940312;;;kom;20,99;;;;20,99;20,99;;NE;EUR
Posteljina 3-dijelna jednokrevetna - 50 dezena - 29;56535257973080;;;kom;20,99;;;;20,99;20,99;;NE;EUR
Posteljina 3-dijelna jednokrevetna - 50 dezena - 3;55363349545304;;;kom;20,99;;;;20,99;20,99;;DA;EUR
Posteljina 3-dijelna jednokrevetna - 50 dezena - 30;56535258005848;;;kom;20,99;;;;20,99;20,99;;NE;EUR
Posteljina 3-dijelna jednokrevetna - 50 dezena - 31;56535258038616;;;kom;20,99;;;;20,99;20,99;;NE;EUR
Posteljina 3-dijelna jednokrevetna - 50 dezena - 32;56535258071384;;;kom;20,99;;;;20,99;20,99;;NE;EUR
Posteljina 3-dijelna jednokrevetna - 50 dezena - 33;56535258104152;;;kom;20,99;;;;20,99;20,99;;NE;EUR
Posteljina 3-dijelna jednokrevetna - 50 dezena - 34;56535258136920;;;kom;20,99;;;;20,99;20,99;;NE;EUR
Posteljina 3-dijelna jednokrevetna - 50 dezena - 35;56535258169688;;;kom;20,99;;;;20,99;20,99;;NE;EUR
Posteljina 3-dijelna jednokrevetna - 50 dezena - 36;56535258202456;;;kom;20,99;;;;20,99;20,99;;DA;EUR
Posteljina 3-dijelna jednokrevetna - 50 dezena - 37;56535258235224;;;kom;20,99;;;;20,99;20,99;;DA;EUR
Posteljina 3-dijelna jednokrevetna - 50 dezena - 38;56535258267992;;;kom;20,99;;;;20,99;20,99;;NE;EUR
Posteljina 3-dijelna jednokrevetna - 50 dezena - 39;56535258300760;;;kom;20,99;;;;20,99;20,99;;DA;EUR
Posteljina 3-dijelna jednokrevetna - 50 dezena - 4;55363349578072;;;kom;20,99;;;;20,99;20,99;;DA;EUR
Posteljina 3-dijelna jednokrevetna - 50 dezena - 40;56535258333528;;;kom;20,99;;;;20,99;20,99;;DA;EUR
Posteljina 3-dijelna jednokrevetna - 50 dezena - 41;56535258366296;;;kom;20,99;;;;20,99;20,99;;DA;EUR
Posteljina 3-dijelna jednokrevetna - 50 dezena - 42;56535258399064;;;kom;20,99;;;;20,99;20,99;;NE;EUR
Posteljina 3-dijelna jednokrevetna - 50 dezena - 5;55363349610840;;;kom;20,99;;;;20,99;20,99;;DA;EUR
Posteljina 3-dijelna jednokrevetna - 50 dezena - 6;55363349643608;;;kom;20,99;;;;20,99;20,99;;DA;EUR
Posteljina 3-dijelna jednokrevetna - 50 dezena - 7;55363349676376;;;kom;20,99;;;;20,99;20,99;;DA;EUR
Posteljina 3-dijelna jednokrevetna - 50 dezena - 8;55363349709144;;;kom;20,99;;;;20,99;20,99;;DA;EUR
Posteljina 3-dijelna jednokrevetna - 50 dezena - 9;55363349741912;;;kom;20,99;;;;20,99;20,99;;DA;EUR
Posteljina 6 - dijelna LUX - 1;56536682922328;;;kom;25,99;;;;25,99;25,99;;DA;EUR
Posteljina 6 - dijelna LUX - 10;56536683217240;;;kom;25,99;;;;25,99;25,99;;DA;EUR
Posteljina 6 - dijelna LUX - 100;56692843446616;;;kom;25,99;;;;25,99;25,99;;DA;EUR
Posteljina 6 - dijelna LUX - 101;56692843479384;;;kom;25,99;;;;25,99;25,99;;NE;EUR
Posteljina 6 - dijelna LUX - 102;56692843512152;;;kom;25,99;;;;25,99;25,99;;DA;EUR
Posteljina 6 - dijelna LUX - 103;56692843544920;;;kom;25,99;;;;25,99;25,99;;NE;EUR
Posteljina 6 - dijelna LUX - 104;56692843577688;;;kom;25,99;;;;25,99;25,99;;DA;EUR
Posteljina 6 - dijelna LUX - 105;56692843610456;;;kom;25,99;;;;25,99;25,99;;DA;EUR
Posteljina 6 - dijelna LUX - 106;56692843643224;;;kom;25,99;;;;25,99;25,99;;DA;EUR
Posteljina 6 - dijelna LUX - 107;56692843675992;;;kom;25,99;;;;25,99;25,99;;DA;EUR
Posteljina 6 - dijelna LUX - 108;56692843708760;;;kom;25,99;;;;25,99;25,99;;NE;EUR
Posteljina 6 - dijelna LUX - 109;56692843741528;;;kom;25,99;;;;25,99;25,99;;DA;EUR
Posteljina 6 - dijelna LUX - 11;56536683250008;;;kom;25,99;;;;25,99;25,99;;DA;EUR
Posteljina 6 - dijelna LUX - 110;56692843774296;;;kom;25,99;;;;25,99;25,99;;DA;EUR
Posteljina 6 - dijelna LUX - 111;56692843807064;;;kom;25,99;;;;25,99;25,99;;DA;EUR
Posteljina 6 - dijelna LUX - 112;56692843839832;;;kom;25,99;;;;25,99;25,99;;DA;EUR
Posteljina 6 - dijelna LUX - 113;56692843872600;;;kom;25,99;;;;25,99;25,99;;DA;EUR
Posteljina 6 - dijelna LUX - 114;56692843905368;;;kom;25,99;;;;25,99;25,99;;NE;EUR
Posteljina 6 - dijelna LUX - 115;56692843938136;;;kom;25,99;;;;25,99;25,99;;DA;EUR
Posteljina 6 - dijelna LUX - 12;56536683282776;;;kom;25,99;;;;25,99;25,99;;DA;EUR
Posteljina 6 - dijelna LUX - 13;56536683315544;;;kom;25,99;;;;25,99;25,99;;DA;EUR
Posteljina 6 - dijelna LUX - 14;56536683348312;;;kom;25,99;;;;25,99;25,99;;DA;EUR
Posteljina 6 - dijelna LUX - 15;56536683381080;;;kom;25,99;;;;25,99;25,99;;DA;EUR
Posteljina 6 - dijelna LUX - 16;56536683413848;;;kom;25,99;;;;25,99;25,99;;DA;EUR
Posteljina 6 - dijelna LUX - 17;56536683446616;;;kom;25,99;;;;25,99;25,99;;DA;EUR
Posteljina 6 - dijelna LUX - 18;56536683479384;;;kom;25,99;;;;25,99;25,99;;DA;EUR
Posteljina 6 - dijelna LUX - 19;56536683512152;;;kom;25,99;;;;25,99;25,99;;DA;EUR
Posteljina 6 - dijelna LUX - 2;56536682955096;;;kom;25,99;;;;25,99;25,99;;DA;EUR
Posteljina 6 - dijelna LUX - 20;56536683544920;;;kom;25,99;;;;25,99;25,99;;DA;EUR
Posteljina 6 - dijelna LUX - 21;56536683577688;;;kom;25,99;;;;25,99;25,99;;DA;EUR
Posteljina 6 - dijelna LUX - 22;56536683610456;;;kom;25,99;;;;25,99;25,99;;DA;EUR
Posteljina 6 - dijelna LUX - 23;56536683643224;;;kom;25,99;;;;25,99;25,99;;DA;EUR
Posteljina 6 - dijelna LUX - 24;56536683675992;;;kom;25,99;;;;25,99;25,99;;DA;EUR
Posteljina 6 - dijelna LUX - 25;56536683708760;;;kom;25,99;;;;25,99;25,99;;DA;EUR
Posteljina 6 - dijelna LUX - 26;56536683741528;;;kom;25,99;;;;25,99;25,99;;DA;EUR
Posteljina 6 - dijelna LUX - 27;56536683774296;;;kom;25,99;;;;25,99;25,99;;DA;EUR
Posteljina 6 - dijelna LUX - 28;56536683807064;;;kom;25,99;;;;25,99;25,99;;DA;EUR
Posteljina 6 - dijelna LUX - 29;56536683839832;;;kom;25,99;;;;25,99;25,99;;DA;EUR
Posteljina 6 - dijelna LUX - 3;56536682987864;;;kom;25,99;;;;25,99;25,99;;DA;EUR
Posteljina 6 - dijelna LUX - 30;56536683872600;;;kom;25,99;;;;25,99;25,99;;DA;EUR
Posteljina 6 - dijelna LUX - 31;56536683905368;;;kom;25,99;;;;25,99;25,99;;DA;EUR
Posteljina 6 - dijelna LUX - 32;56536683938136;;;kom;25,99;;;;25,99;25,99;;DA;EUR
Posteljina 6 - dijelna LUX - 33;56536683970904;;;kom;25,99;;;;25,99;25,99;;DA;EUR
Posteljina 6 - dijelna LUX - 34;56536684003672;;;kom;25,99;;;;25,99;25,99;;DA;EUR
Posteljina 6 - dijelna LUX - 35;56536684036440;;;kom;25,99;;;;25,99;25,99;;DA;EUR
Posteljina 6 - dijelna LUX - 36;56536684069208;;;kom;25,99;;;;25,99;25,99;;DA;EUR
Posteljina 6 - dijelna LUX - 37;56536684101976;;;kom;25,99;;;;25,99;25,99;;NE;EUR
Posteljina 6 - dijelna LUX - 38;56536684134744;;;kom;25,99;;;;25,99;25,99;;DA;EUR
Posteljina 6 - dijelna LUX - 39;56536684167512;;;kom;25,99;;;;25,99;25,99;;DA;EUR
Posteljina 6 - dijelna LUX - 4;56536683020632;;;kom;25,99;;;;25,99;25,99;;DA;EUR
Posteljina 6 - dijelna LUX - 40;56536684200280;;;kom;25,99;;;;25,99;25,99;;NE;EUR
Posteljina 6 - dijelna LUX - 41;56536684233048;;;kom;25,99;;;;25,99;25,99;;DA;EUR
Posteljina 6 - dijelna LUX - 42;56536684265816;;;kom;25,99;;;;25,99;25,99;;DA;EUR
Posteljina 6 - dijelna LUX - 43;56536684298584;;;kom;25,99;;;;25,99;25,99;;DA;EUR
Posteljina 6 - dijelna LUX - 44;56536684331352;;;kom;25,99;;;;25,99;25,99;;DA;EUR
Posteljina 6 - dijelna LUX - 45;56536684364120;;;kom;25,99;;;;25,99;25,99;;NE;EUR
Posteljina 6 - dijelna LUX - 46;56536684396888;;;kom;25,99;;;;25,99;25,99;;NE;EUR
Posteljina 6 - dijelna LUX - 47;56536684429656;;;kom;25,99;;;;25,99;25,99;;DA;EUR
Posteljina 6 - dijelna LUX - 48;56536684462424;;;kom;25,99;;;;25,99;25,99;;DA;EUR
Posteljina 6 - dijelna LUX - 49;56536684495192;;;kom;25,99;;;;25,99;25,99;;DA;EUR
Posteljina 6 - dijelna LUX - 5;56536683053400;;;kom;25,99;;;;25,99;25,99;;DA;EUR
Posteljina 6 - dijelna LUX - 50;56536684527960;;;kom;25,99;;;;25,99;25,99;;NE;EUR
Posteljina 6 - dijelna LUX - 51;56536684560728;;;kom;25,99;;;;25,99;25,99;;DA;EUR
Posteljina 6 - dijelna LUX - 52;56536684593496;;;kom;25,99;;;;25,99;25,99;;DA;EUR
Posteljina 6 - dijelna LUX - 53;56536684626264;;;kom;25,99;;;;25,99;25,99;;DA;EUR
Posteljina 6 - dijelna LUX - 54;56536684659032;;;kom;25,99;;;;25,99;25,99;;DA;EUR
Posteljina 6 - dijelna LUX - 55;56536684691800;;;kom;25,99;;;;25,99;25,99;;DA;EUR
Posteljina 6 - dijelna LUX - 56;56536684724568;;;kom;25,99;;;;25,99;25,99;;DA;EUR
Posteljina 6 - dijelna LUX - 57;56536684757336;;;kom;25,99;;;;25,99;25,99;;DA;EUR
Posteljina 6 - dijelna LUX - 58;56536684790104;;;kom;25,99;;;;25,99;25,99;;NE;EUR
Posteljina 6 - dijelna LUX - 59;56536684822872;;;kom;25,99;;;;25,99;25,99;;DA;EUR
Posteljina 6 - dijelna LUX - 6;56536683086168;;;kom;25,99;;;;25,99;25,99;;DA;EUR
Posteljina 6 - dijelna LUX - 60;56536684855640;;;kom;25,99;;;;25,99;25,99;;DA;EUR
Posteljina 6 - dijelna LUX - 61;56536684888408;;;kom;25,99;;;;25,99;25,99;;NE;EUR
Posteljina 6 - dijelna LUX - 62;56536684921176;;;kom;25,99;;;;25,99;25,99;;DA;EUR
Posteljina 6 - dijelna LUX - 63;56536684953944;;;kom;25,99;;;;25,99;25,99;;DA;EUR
Posteljina 6 - dijelna LUX - 64;56536684986712;;;kom;25,99;;;;25,99;25,99;;NE;EUR
Posteljina 6 - dijelna LUX - 65;56536685019480;;;kom;25,99;;;;25,99;25,99;;DA;EUR
Posteljina 6 - dijelna LUX - 66;56536685052248;;;kom;25,99;;;;25,99;25,99;;NE;EUR
Posteljina 6 - dijelna LUX - 67;56536685085016;;;kom;25,99;;;;25,99;25,99;;DA;EUR
Posteljina 6 - dijelna LUX - 68;56536685117784;;;kom;25,99;;;;25,99;25,99;;NE;EUR
Posteljina 6 - dijelna LUX - 69;56536685150552;;;kom;25,99;;;;25,99;25,99;;NE;EUR
Posteljina 6 - dijelna LUX - 7;56536683118936;;;kom;25,99;;;;25,99;25,99;;DA;EUR
Posteljina 6 - dijelna LUX - 70;56536685183320;;;kom;25,99;;;;25,99;25,99;;DA;EUR
Posteljina 6 - dijelna LUX - 71;56536685216088;;;kom;25,99;;;;25,99;25,99;;DA;EUR
Posteljina 6 - dijelna LUX - 72;56536685248856;;;kom;25,99;;;;25,99;25,99;;DA;EUR
Posteljina 6 - dijelna LUX - 73;56536685281624;;;kom;25,99;;;;25,99;25,99;;DA;EUR
Posteljina 6 - dijelna LUX - 74;56536685314392;;;kom;25,99;;;;25,99;25,99;;DA;EUR
Posteljina 6 - dijelna LUX - 75;56536685347160;;;kom;25,99;;;;25,99;25,99;;NE;EUR
Posteljina 6 - dijelna LUX - 76;56536685379928;;;kom;25,99;;;;25,99;25,99;;DA;EUR
Posteljina 6 - dijelna LUX - 77;56536685412696;;;kom;25,99;;;;25,99;25,99;;DA;EUR
Posteljina 6 - dijelna LUX - 78;56536685445464;;;kom;25,99;;;;25,99;25,99;;DA;EUR
Posteljina 6 - dijelna LUX - 79;56536685478232;;;kom;25,99;;;;25,99;25,99;;DA;EUR
Posteljina 6 - dijelna LUX - 8;56536683151704;;;kom;25,99;;;;25,99;25,99;;DA;EUR
Posteljina 6 - dijelna LUX - 80;56536685511000;;;kom;25,99;;;;25,99;25,99;;DA;EUR
Posteljina 6 - dijelna LUX - 81;56536685543768;;;kom;25,99;;;;25,99;25,99;;DA;EUR
Posteljina 6 - dijelna LUX - 82;56536685576536;;;kom;25,99;;;;25,99;25,99;;DA;EUR
Posteljina 6 - dijelna LUX - 83;56536685609304;;;kom;25,99;;;;25,99;25,99;;DA;EUR
Posteljina 6 - dijelna LUX - 84;56536685642072;;;kom;25,99;;;;25,99;25,99;;DA;EUR
Posteljina 6 - dijelna LUX - 85;56692842955096;;;kom;25,99;;;;25,99;25,99;;DA;EUR
Posteljina 6 - dijelna LUX - 86;56692842987864;;;kom;25,99;;;;25,99;25,99;;DA;EUR
Posteljina 6 - dijelna LUX - 87;56692843020632;;;kom;25,99;;;;25,99;25,99;;DA;EUR
Posteljina 6 - dijelna LUX - 88;56692843053400;;;kom;25,99;;;;25,99;25,99;;DA;EUR
Posteljina 6 - dijelna LUX - 89;56692843086168;;;kom;25,99;;;;25,99;25,99;;DA;EUR
Posteljina 6 - dijelna LUX - 9;56536683184472;;;kom;25,99;;;;25,99;25,99;;DA;EUR
Posteljina 6 - dijelna LUX - 90;56692843118936;;;kom;25,99;;;;25,99;25,99;;DA;EUR
Posteljina 6 - dijelna LUX - 91;56692843151704;;;kom;25,99;;;;25,99;25,99;;DA;EUR
Posteljina 6 - dijelna LUX - 92;56692843184472;;;kom;25,99;;;;25,99;25,99;;DA;EUR
Posteljina 6 - dijelna LUX - 93;56692843217240;;;kom;25,99;;;;25,99;25,99;;NE;EUR
Posteljina 6 - dijelna LUX - 94;56692843250008;;;kom;25,99;;;;25,99;25,99;;DA;EUR
Posteljina 6 - dijelna LUX - 95;56692843282776;;;kom;25,99;;;;25,99;25,99;;DA;EUR
Posteljina 6 - dijelna LUX - 96;56692843315544;;;kom;25,99;;;;25,99;25,99;;DA;EUR
Posteljina 6 - dijelna LUX - 97;56692843348312;;;kom;25,99;;;;25,99;25,99;;DA;EUR
Posteljina 6 - dijelna LUX - 98;56692843381080;;;kom;25,99;;;;25,99;25,99;;DA;EUR
Posteljina 6 - dijelna LUX - 99;56692843413848;;;kom;25,99;;;;25,99;25,99;;DA;EUR
Posteljina 7-dijelna 23 dezena - 1;55363202908504;;;kom;27,99;;;;27,99;27,99;;DA;EUR
Posteljina 7-dijelna 23 dezena - 10;55363203203416;;;kom;27,99;;;;27,99;27,99;;DA;EUR
Posteljina 7-dijelna 23 dezena - 11;55363203236184;;;kom;27,99;;;;27,99;27,99;;DA;EUR
Posteljina 7-dijelna 23 dezena - 12;55363203268952;;;kom;27,99;;;;27,99;27,99;;DA;EUR
Posteljina 7-dijelna 23 dezena - 13;55363203301720;;;kom;27,99;;;;27,99;27,99;;DA;EUR
Posteljina 7-dijelna 23 dezena - 14;55363203334488;;;kom;27,99;;;;27,99;27,99;;DA;EUR
Posteljina 7-dijelna 23 dezena - 15;55363203367256;;;kom;27,99;;;;27,99;27,99;;DA;EUR
Posteljina 7-dijelna 23 dezena - 16;55363203400024;;;kom;27,99;;;;27,99;27,99;;DA;EUR
Posteljina 7-dijelna 23 dezena - 17;55363203432792;;;kom;27,99;;;;27,99;27,99;;DA;EUR
Posteljina 7-dijelna 23 dezena - 18;55363203465560;;;kom;27,99;;;;27,99;27,99;;DA;EUR
Posteljina 7-dijelna 23 dezena - 19;55363203498328;;;kom;27,99;;;;27,99;27,99;;DA;EUR
Posteljina 7-dijelna 23 dezena - 2;55363202941272;;;kom;27,99;;;;27,99;27,99;;DA;EUR
Posteljina 7-dijelna 23 dezena - 20;55363203531096;;;kom;27,99;;;;27,99;27,99;;DA;EUR
Posteljina 7-dijelna 23 dezena - 21;55363203563864;;;kom;27,99;;;;27,99;27,99;;DA;EUR
Posteljina 7-dijelna 23 dezena - 22;55363203596632;;;kom;27,99;;;;27,99;27,99;;NE;EUR
Posteljina 7-dijelna 23 dezena - 23;55363203629400;;;kom;27,99;;;;27,99;27,99;;DA;EUR
Posteljina 7-dijelna 23 dezena - 3;55363202974040;;;kom;27,99;;;;27,99;27,99;;DA;EUR
Posteljina 7-dijelna 23 dezena - 4;55363203006808;;;kom;27,99;;;;27,99;27,99;;DA;EUR
Posteljina 7-dijelna 23 dezena - 5;55363203039576;;;kom;27,99;;;;27,99;27,99;;DA;EUR
Posteljina 7-dijelna 23 dezena - 6;55363203072344;;;kom;27,99;;;;27,99;27,99;;DA;EUR
Posteljina 7-dijelna 23 dezena - 7;55363203105112;;;kom;27,99;;;;27,99;27,99;;DA;EUR
Posteljina 7-dijelna 23 dezena - 8;55363203137880;;;kom;27,99;;;;27,99;27,99;;DA;EUR
Posteljina 7-dijelna 23 dezena - 9;55363203170648;;;kom;27,99;;;;27,99;27,99;;DA;EUR
Prijenosni Power Bank - New Science WX-13;57186448867672;New Science;;kom;21,25;;;;21,25;21,25;;DA;EUR
Prijenosni Power Bank - New Science WX-14;57186448834904;New Science;;kom;29,90;;;;29,90;29,90;;DA;EUR
Prošiveni poplun od mikrovlakana – dostupan u dvije dimenzije - 140x200 cm;56050235801944;;;kom;26,99;;;;26,99;26,99;;DA;EUR
Prošiveni poplun od mikrovlakana – dostupan u dvije dimenzije - 200x220 cm;56050235834712;;;kom;31,99;;;;31,99;31,99;;DA;EUR
PS4 Kontroler WS-88- 6 boja - crna;57186438840664;;;kom;39,99;;;;39,99;39,99;;DA;EUR
PS4 Kontroler WS-88- 6 boja - Narančasti;57186438971736;;;kom;39,99;;;;39,99;39,99;;DA;EUR
PS4 Kontroler WS-88- 6 boja - rozi;57186439004504;;;kom;39,99;;;;39,99;39,99;;DA;EUR
PS4 Kontroler WS-88- 6 boja - Sivi maskirni;57186438906200;;;kom;39,99;;;;39,99;39,99;;DA;EUR
PS4 Kontroler WS-88- 6 boja - Svijetlo plavi;57186438873432;;;kom;39,99;;;;39,99;39,99;;DA;EUR
PS4 Kontroler WS-88- 6 boja - Zeleni maskirni;57186438938968;;;kom;39,99;;;;39,99;39,99;;DA;EUR
PTZ Rotacijska Nadzorna Kamera JT-8160QJ;55363102081368;;;kom;33,00;;;;33,00;33,00;;DA;EUR
PTZ Rotacijska Nadzorna Kamera JT-8177;55363102474584;;;kom;28,00;;;;28,00;28,00;;DA;EUR
PTZ Rotacijska Nadzorna Kamera JTZ-9697QJ;55363102572888;;;kom;55,00;;;;55,00;55,00;;DA;EUR
Rebrasta deka - 1;56700410429784;;;kom;18,90;;;;18,90;18,90;;DA;EUR
Rebrasta deka - 2;56700410462552;;;kom;18,90;;;;18,90;18,90;;DA;EUR
Rebrasta deka - 3;56700410495320;;;kom;18,90;;;;18,90;18,90;;DA;EUR
Rebrasta deka - 4;56700410528088;;;kom;18,90;;;;18,90;18,90;;DA;EUR
Rebrasta deka - 5;56700410560856;;;kom;18,90;;;;18,90;18,90;;DA;EUR
Rebrasta deka - 6;56700410593624;;;kom;18,90;;;;18,90;18,90;;DA;EUR
Rebrasta deka - 7;56700410626392;;;kom;18,90;;;;18,90;18,90;;DA;EUR
RGB RING 33CM RGB PLAVA;55363106406744;;;kom;29,00;;;;29,00;29,00;;DA;EUR
RGB RING 33CM RGB ROZA;55363106308440;;;kom;29,00;;;;29,00;29,00;;DA;EUR
Set dekorativnih kuhinjskih krpa - Lavanda / 12 krpa;55488339181912;;;kom;19,99;;;;19,99;19,99;;DA;EUR
Set dekorativnih kuhinjskih krpa - Lavanda / 6 krpa;55488339149144;;;kom;14,99;;;;14,99;14,99;;DA;EUR
Set dekorativnih kuhinjskih krpa - Maslina / 12 krpa;55488339247448;;;kom;19,99;;;;19,99;19,99;;DA;EUR
Set dekorativnih kuhinjskih krpa - Maslina / 6 krpa;55488339214680;;;kom;14,99;;;;14,99;14,99;;DA;EUR
Set dekorativnih kuhinjskih krpa - MIX / 12 krpa;55488339312984;;;kom;19,99;;;;19,99;19,99;;DA;EUR
Set dekorativnih kuhinjskih krpa - MIX / 6 krpa;55488339280216;;;kom;14,99;;;;14,99;14,99;;DA;EUR
Set dekorativnih kuhinjskih krpa - Tulipan / 12 krpa;55488339116376;;;kom;19,99;;;;19,99;19,99;;DA;EUR
Set dekorativnih kuhinjskih krpa - Tulipan / 6 krpa;55488339083608;;;kom;14,99;;;;14,99;14,99;;DA;EUR
Set kuhinjskih krpa 100% pamuk - Crna / 10 krpa;55363366617432;;;kom;12,99;;;;12,99;12,99;;DA;EUR
Set kuhinjskih krpa 100% pamuk - Crna / 20 krpa;55363366650200;;;kom;19,99;;;;19,99;19,99;;DA;EUR
Set kuhinjskih krpa 100% pamuk - Naračasta / 10 krpa;55363366814040;;;kom;12,99;;;;12,99;12,99;;DA;EUR
Set kuhinjskih krpa 100% pamuk - Naračasta / 20 krpa;55363366846808;;;kom;19,99;;;;19,99;19,99;;DA;EUR
Set kuhinjskih krpa 100% pamuk - Plava / 10 krpa;55363366748504;;;kom;12,99;;;;12,99;12,99;;NE;EUR
Set kuhinjskih krpa 100% pamuk - Plava / 20 krpa;55363366781272;;;kom;19,99;;;;19,99;19,99;;NE;EUR
Set kuhinjskih krpa 100% pamuk - Roza / 10 krpa;55363366682968;;;kom;12,99;;;;12,99;12,99;;NE;EUR
Set kuhinjskih krpa 100% pamuk - Roza / 20 krpa;55363366715736;;;kom;19,99;;;;19,99;19,99;;NE;EUR
Set kuhinjskih krpa 100% pamuk - Smeđa / 10 krpa;55363366879576;;;kom;12,99;;;;12,99;12,99;;NE;EUR
Set kuhinjskih krpa 100% pamuk - Smeđa / 20 krpa;55363366912344;;;kom;19,99;;;;19,99;19,99;;NE;EUR
Set pamučnih ručnika 140x70 cm, 100x50 cm - 12 ručnika (100x50cm) / 1;55363199926616;;;kom;22,99;;;;22,99;22,99;;DA;EUR
Set pamučnih ručnika 140x70 cm, 100x50 cm - 12 ručnika (100x50cm) / 2;55363199959384;;;kom;22,99;;;;22,99;22,99;;DA;EUR
Set pamučnih ručnika 140x70 cm, 100x50 cm - 12 ručnika (100x50cm) / 3;55363199992152;;;kom;22,99;;;;22,99;22,99;;DA;EUR
Set pamučnih ručnika 140x70 cm, 100x50 cm - 12 ručnika (100x50cm) / 4;55363200024920;;;kom;22,99;;;;22,99;22,99;;DA;EUR
Set pamučnih ručnika 140x70 cm, 100x50 cm - 12 ručnika (100x50cm) / 5;55363200057688;;;kom;22,99;;;;22,99;22,99;;DA;EUR
Set pamučnih ručnika 140x70 cm, 100x50 cm - 12 ručnika (100x50cm) / 6;55363200090456;;;kom;22,99;;;;22,99;22,99;;DA;EUR
Set pamučnih ručnika 140x70 cm, 100x50 cm - 12 ručnika (100x50cm) / 7;55363200123224;;;kom;22,99;;;;22,99;22,99;;DA;EUR
Set pamučnih ručnika 140x70 cm, 100x50 cm - 12 ručnika (100x50cm) / 8;55363200155992;;;kom;22,99;;;;22,99;22,99;;DA;EUR
Set pamučnih ručnika 140x70 cm, 100x50 cm - 6 ručnika (140x70cm) / 1;55363199664472;;;kom;22,99;;;;22,99;22,99;;DA;EUR
Set pamučnih ručnika 140x70 cm, 100x50 cm - 6 ručnika (140x70cm) / 2;55363199697240;;;kom;22,99;;;;22,99;22,99;;DA;EUR
Set pamučnih ručnika 140x70 cm, 100x50 cm - 6 ručnika (140x70cm) / 3;55363199730008;;;kom;22,99;;;;22,99;22,99;;DA;EUR
Set pamučnih ručnika 140x70 cm, 100x50 cm - 6 ručnika (140x70cm) / 4;55363199762776;;;kom;22,99;;;;22,99;22,99;;DA;EUR
Set pamučnih ručnika 140x70 cm, 100x50 cm - 6 ručnika (140x70cm) / 5;55363199795544;;;kom;22,99;;;;22,99;22,99;;DA;EUR
Set pamučnih ručnika 140x70 cm, 100x50 cm - 6 ručnika (140x70cm) / 6;55363199828312;;;kom;22,99;;;;22,99;22,99;;DA;EUR
Set pamučnih ručnika 140x70 cm, 100x50 cm - 6 ručnika (140x70cm) / 7;55363199861080;;;kom;22,99;;;;22,99;22,99;;DA;EUR
Set pamučnih ručnika 140x70 cm, 100x50 cm - 6 ručnika (140x70cm) / 8;55363199893848;;;kom;22,99;;;;22,99;22,99;;DA;EUR
Set prednje i stražnje LED svjetlo za bicikl DL-26;55363106505048;;;kom;12,00;;;;12,00;12,00;;DA;EUR
Set stolnjaka i 6 univerzalnih navlaka za stolice - #1;55363364421976;;;kom;27,99;;;;27,99;27,99;;DA;EUR
Set stolnjaka i 6 univerzalnih navlaka za stolice - #10;55363364716888;;;kom;27,99;;;;27,99;27,99;;DA;EUR
Set stolnjaka i 6 univerzalnih navlaka za stolice - #11;55363364749656;;;kom;27,99;;;;27,99;27,99;;DA;EUR
Set stolnjaka i 6 univerzalnih navlaka za stolice - #12;55363364782424;;;kom;27,99;;;;27,99;27,99;;DA;EUR
Set stolnjaka i 6 univerzalnih navlaka za stolice - #13;55363364815192;;;kom;27,99;;;;27,99;27,99;;DA;EUR
Set stolnjaka i 6 univerzalnih navlaka za stolice - #14;55363364847960;;;kom;27,99;;;;27,99;27,99;;DA;EUR
Set stolnjaka i 6 univerzalnih navlaka za stolice - #15;55363364880728;;;kom;27,99;;;;27,99;27,99;;DA;EUR
Set stolnjaka i 6 univerzalnih navlaka za stolice - #16;55698926764376;;;kom;27,99;;;;27,99;27,99;;NE;EUR
Set stolnjaka i 6 univerzalnih navlaka za stolice - #17;55698926797144;;;kom;27,99;;;;27,99;27,99;;NE;EUR
Set stolnjaka i 6 univerzalnih navlaka za stolice - #18;55698926829912;;;kom;27,99;;;;27,99;27,99;;NE;EUR
Set stolnjaka i 6 univerzalnih navlaka za stolice - #19;55698926862680;;;kom;27,99;;;;27,99;27,99;;NE;EUR
Set stolnjaka i 6 univerzalnih navlaka za stolice - #2;55363364454744;;;kom;27,99;;;;27,99;27,99;;DA;EUR
Set stolnjaka i 6 univerzalnih navlaka za stolice - #20;55698926895448;;;kom;27,99;;;;27,99;27,99;;NE;EUR
Set stolnjaka i 6 univerzalnih navlaka za stolice - #21;55698926928216;;;kom;27,99;;;;27,99;27,99;;NE;EUR
Set stolnjaka i 6 univerzalnih navlaka za stolice - #22;55698926960984;;;kom;27,99;;;;27,99;27,99;;NE;EUR
Set stolnjaka i 6 univerzalnih navlaka za stolice - #23;55698926993752;;;kom;27,99;;;;27,99;27,99;;NE;EUR
Set stolnjaka i 6 univerzalnih navlaka za stolice - #24;55698927026520;;;kom;27,99;;;;27,99;27,99;;NE;EUR
Set stolnjaka i 6 univerzalnih navlaka za stolice - #25;55698927059288;;;kom;27,99;;;;27,99;27,99;;NE;EUR
Set stolnjaka i 6 univerzalnih navlaka za stolice - #26;55698927092056;;;kom;27,99;;;;27,99;27,99;;NE;EUR
Set stolnjaka i 6 univerzalnih navlaka za stolice - #27;55698927124824;;;kom;27,99;;;;27,99;27,99;;DA;EUR
Set stolnjaka i 6 univerzalnih navlaka za stolice - #3;55363364487512;;;kom;27,99;;;;27,99;27,99;;DA;EUR
Set stolnjaka i 6 univerzalnih navlaka za stolice - #4;55363364520280;;;kom;27,99;;;;27,99;27,99;;DA;EUR
Set stolnjaka i 6 univerzalnih navlaka za stolice - #5;55363364553048;;;kom;27,99;;;;27,99;27,99;;DA;EUR
Set stolnjaka i 6 univerzalnih navlaka za stolice - #6;55363364585816;;;kom;27,99;;;;27,99;27,99;;DA;EUR
Set stolnjaka i 6 univerzalnih navlaka za stolice - #7;55363364618584;;;kom;27,99;;;;27,99;27,99;;DA;EUR
Set stolnjaka i 6 univerzalnih navlaka za stolice - #8;55363364651352;;;kom;27,99;;;;27,99;27,99;;DA;EUR
Set stolnjaka i 6 univerzalnih navlaka za stolice - #9;55363364684120;;;kom;27,99;;;;27,99;27,99;;DA;EUR
Soft Elegance ručnici - 2400g - 6 ručnika (70x140) / 1;56356186784088;;;kom;23,99;;;;23,99;23,99;;DA;EUR
Solarna LED vanjska lampa sa senzorom pokreta SW-2800-4;55363107651928;;;kom;19,00;;;;19,00;19,00;;DA;EUR
Solarna LED vanjska lampa SW2015-PIR;55363107881304;;;kom;14,00;;;;14,00;14,00;;DA;EUR
Solarna LED Vanjska Lampa SW2800;55363108110680;;;kom;14,00;;;;14,00;14,00;;DA;EUR
Solarna LED vanjska lampa SW2800-2 s senzorom pokreta;55363108241752;;;kom;14,00;;;;14,00;14,00;;DA;EUR
Solarna LED vanjska lampa W2013-PIR;55363108340056;;;kom;18,00;;;;18,00;18,00;;DA;EUR
Solarne LED vrtne svjetiljke - Set 12 kom;55363108569432;;;kom;19,99;;;;19,99;19,99;;DA;EUR
Solarne LED vrtne svjetiljke - Set 4 kom;55363108503896;;;kom;9,99;;;;9,99;9,99;;DA;EUR
Solarne LED vrtne svjetiljke - Set 8 kom;55363108536664;;;kom;14,99;;;;14,99;14,99;;DA;EUR
Solarno LED svjetlo za vanjsku upotrebu IC-SW6080-PIR;55363108667736;;;kom;13,99;;;;13,99;13,99;;DA;EUR
Solarno LED svjetlo za vanjsku upotrebu IC-SW6081-PIR;55363108798808;;;kom;18,99;;;;18,99;18,99;;DA;EUR
Solarno LED svjetlo za vanjsku upotrebu SW2012-PIR;55363108995416;;;kom;13,99;;;;13,99;13,99;;DA;EUR
stereo slušalice s mikrofonom A-625 - bijela;57186440347992;;;kom;16,90;;;;16,90;16,90;;DA;EUR
stereo slušalice s mikrofonom A-625 - crna;57186440380760;;;kom;16,90;;;;16,90;16,90;;DA;EUR
stereo slušalice s mikrofonom A-625 - roza;57186440413528;;;kom;16,90;;;;16,90;16,90;;DA;EUR
stereo slušalice s mikrofonom A-625 - zelena;57186440446296;;;kom;16,90;;;;16,90;16,90;;DA;EUR
Stereo žične slušalice E033 s 3.5mm priključkom;57186440315224;;;kom;6,50;;;;6,50;6,50;;DA;EUR
Stereo žične slušalice TC-10 s Type-C priključkom;57186440282456;;;kom;8,00;;;;8,00;8,00;;DA;EUR
Stolna LED lampa – moderna metalna dekorativna rasvjeta;55363087303000;;;kom;19,99;;;;19,99;19,99;;DA;EUR
Stolna LED lampa DL-32;55363109093720;;;kom;15,99;;;;15,99;15,99;;DA;EUR
SVJETILJKA PUZ SA ZVUČNIKOM K25 LED;143323;;;kom;28,90;;;;28,90;28,90;;DA;EUR
Tematske kuhinjske krpe - Kava;55497859531096;;;kom;13,99;;;;13,99;13,99;;DA;EUR
Tematske kuhinjske krpe - Lavanda;55497859563864;;;kom;13,99;;;;13,99;13,99;;DA;EUR
Tematske kuhinjske krpe - Maslina;55497859498328;;;kom;13,99;;;;13,99;13,99;;DA;EUR
Tematske kuhinjske krpe - Srce;55497859596632;;;kom;13,99;;;;13,99;13,99;;DA;EUR
Tematske kuhinjske krpe - Voće;55497859465560;;;kom;13,99;;;;13,99;13,99;;DA;EUR
Udobna sjedalica za stolicu – 35 cm - Bordo / 4;55945496592728;;;kom;28,99;;;;28,99;28,99;;DA;EUR
Udobna sjedalica za stolicu – 35 cm - Bordo / 6;55945496625496;;;kom;37,99;;;;37,99;37,99;;DA;EUR
Udobna sjedalica za stolicu – 35 cm - Bordo / 8;55945496658264;;;kom;46,99;;;;46,99;46,99;;DA;EUR
Udobna sjedalica za stolicu – 35 cm - Narančasta / 4;55945496691032;;;kom;28,99;;;;28,99;28,99;;DA;EUR
Udobna sjedalica za stolicu – 35 cm - Narančasta / 6;55945496723800;;;kom;37,99;;;;37,99;37,99;;DA;EUR
Udobna sjedalica za stolicu – 35 cm - Narančasta / 8;55945496756568;;;kom;46,99;;;;46,99;46,99;;DA;EUR
Udobna sjedalica za stolicu – 35 cm - Plava / 4;55945496101208;;;kom;28,99;;;;28,99;28,99;;DA;EUR
Udobna sjedalica za stolicu – 35 cm - Plava / 6;55945496133976;;;kom;37,99;;;;37,99;37,99;;DA;EUR
Udobna sjedalica za stolicu – 35 cm - Plava / 8;55945496166744;;;kom;46,99;;;;46,99;46,99;;DA;EUR
Udobna sjedalica za stolicu – 35 cm - Roza / 4;55945496199512;;;kom;28,99;;;;28,99;28,99;;DA;EUR
Udobna sjedalica za stolicu – 35 cm - Roza / 6;55945496232280;;;kom;37,99;;;;37,99;37,99;;DA;EUR
Udobna sjedalica za stolicu – 35 cm - Roza / 8;55945496265048;;;kom;46,99;;;;46,99;46,99;;DA;EUR
Udobna sjedalica za stolicu – 35 cm - Siva / 4;55945496297816;;;kom;28,99;;;;28,99;28,99;;DA;EUR
Udobna sjedalica za stolicu – 35 cm - Siva / 6;55945496330584;;;kom;37,99;;;;37,99;37,99;;DA;EUR
Udobna sjedalica za stolicu – 35 cm - Siva / 8;55945496363352;;;kom;46,99;;;;46,99;46,99;;DA;EUR
Udobna sjedalica za stolicu – 35 cm - Tamnosiva / 4;55945496396120;;;kom;28,99;;;;28,99;28,99;;DA;EUR
Udobna sjedalica za stolicu – 35 cm - Tamnosiva / 6;55945496428888;;;kom;37,99;;;;37,99;37,99;;DA;EUR
Udobna sjedalica za stolicu – 35 cm - Tamnosiva / 8;55945496461656;;;kom;46,99;;;;46,99;46,99;;DA;EUR
Udobna sjedalica za stolicu – 35 cm - Zelena / 4;55945496494424;;;kom;28,99;;;;28,99;28,99;;DA;EUR
Udobna sjedalica za stolicu – 35 cm - Zelena / 6;55945496527192;;;kom;37,99;;;;37,99;37,99;;DA;EUR
Udobna sjedalica za stolicu – 35 cm - Zelena / 8;55945496559960;;;kom;46,99;;;;46,99;46,99;;DA;EUR
Višenamjenske žičane slušalice A-624 – 5 u 1;57186439922008;;;kom;23,90;;;;23,90;23,90;;DA;EUR
Vodonepropusna navlaka za madrac - 180x200 cm;55363109912920;;;kom;18,99;;;;18,99;18,99;;DA;EUR
Vodonepropusna navlaka za madrac - 200x200 cm;55363109945688;;;kom;19,99;;;;19,99;19,99;;DA;EUR
Wave deka - 1 / 150x200;56700410921304;;;kom;18,99;;;;18,99;18,99;;DA;EUR
Wave deka - 1 / 200x230;56700410888536;;;kom;20,99;;;;20,99;20,99;;DA;EUR
Wave deka - 2 / 150x200;56700410986840;;;kom;18,99;;;;18,99;18,99;;DA;EUR
Wave deka - 2 / 200x230;56700410954072;;;kom;20,99;;;;20,99;20,99;;DA;EUR
Wave deka - 3 / 150x200;56700411052376;;;kom;18,99;;;;18,99;18,99;;DA;EUR
Wave deka - 3 / 200x230;56700411019608;;;kom;20,99;;;;20,99;20,99;;DA;EUR
Wave deka - 4 / 150x200;56700411117912;;;kom;18,99;;;;18,99;18,99;;DA;EUR
Wave deka - 4 / 200x230;56700411085144;;;kom;20,99;;;;20,99;20,99;;DA;EUR
Wave deka - 5 / 150x200;56700411183448;;;kom;18,99;;;;18,99;18,99;;DA;EUR
Wave deka - 5 / 200x230;56700411150680;;;kom;20,99;;;;20,99;20,99;;DA;EUR
Wave deka - 6 / 150x200;56700411248984;;;kom;18,99;;;;18,99;18,99;;DA;EUR
Wave deka - 6 / 200x230;56700411216216;;;kom;20,99;;;;20,99;20,99;;DA;EUR
Wave deka - 7 / 150x200;56700411314520;;;kom;18,99;;;;18,99;18,99;;DA;EUR
Wave deka - 7 / 200x230;56700411281752;;;kom;20,99;;;;20,99;20,99;;DA;EUR
Wave deka - 8 / 150x200;56700411380056;;;kom;18,99;;;;18,99;18,99;;DA;EUR
Wave deka - 8 / 200x230;56700411347288;;;kom;20,99;;;;20,99;20,99;;DA;EUR
WiFi Gun Ball Kamera JT-9696;55363102867800;;;kom;40,00;;;;40,00;40,00;;DA;EUR
WiFi Solarna Kamera ABQ-Q1;55363102966104;;;kom;75,00;;;;75,00;75,00;;DA;EUR
Zamjenski Samsung Daljinski Model BN-01259B;57186441134424;New Science;;kom;13,90;;;;13,90;13,90;;DA;EUR
Zamjenski Samsung TV Daljinski Model AKB72915238;57186441101656;New Science;;kom;11,50;;;;11,50;11,50;;DA;EUR
Zamjenski Samsung TV Daljinski Upravljač Model AA59-00786A;57186441068888;New Science;;kom;9,99;;;;9,99;9,99;;DA;EUR
Zamjenski Samsung TV Daljinski Upravljač Model RM-D1078;57186441003352;New Science;;kom;12,90;;;;12,90;12,90;;DA;EUR
Zamjenski Sony TV Blu-Ray 3D Daljinski Upravljač RMT-TZ300A;57186441036120;New Science;;kom;16,70;;;;16,70;16,70;;DA;EUR
ZVUČNIK  MICRO KARAOKE K14 BIJELA;57186445263192;;;kom;32,00;;;;32,00;32,00;;DA;EUR
ZVUČNIK 360 NSE-008;57186445230424;;;kom;39,00;;;;39,00;39,00;;DA;EUR
ZVUČNIK BEŽIČNI K19;141916;;;kom;24,90;;;;24,90;24,90;;DA;EUR
ZVUČNIK BEŽIČNI K21;142234;;;kom;14,50;;;;14,50;14,50;;DA;EUR
ZVUČNIK BEŽIČNI K22;142500;;;kom;18,90;;;;18,90;18,90;;DA;EUR
ZVUČNIK BEŽIČNI K23;142517;;;kom;18,90;;;;18,90;18,90;;DA;EUR
ZVUČNIK BEŽIČNI K24;142524;;;kom;22,50;;;;22,50;22,50;;DA;EUR
ZVUČNIK G SA BEŽIČNIM PUNJENJEM  K1;142913;;;kom;24,00;;;;24,00;24,00;;DA;EUR
ZVUČNIK LED SA BEŽIČNIM PUNJENJEM I SATOM;57186443657560;;;kom;29,90;;;;29,90;29,90;;DA;EUR
ZVUČNIK NSE-006 (Crveni);57186441920856;New Science;;kom;24,90;;;;24,90;24,90;;DA;EUR
ZVUČNIK NSE-006 (Zeleni);57186441789784;New Science;;kom;24,90;;;;24,90;24,90;;DA;EUR
ZVUČNIK NSE-007 Crveni;57186441757016;;;kom;24,90;;;;24,90;24,90;;DA;EUR
ZVUČNIK NSE-007 Zeleni;57186441691480;;;kom;23,90;;;;23,90;23,90;;DA;EUR
ZVUČNIK SA DVA MIKROFONA K11 BIJELA;57186441625944;;;kom;34,90;;;;34,90;34,90;;DA;EUR
ZVUČNIK SA DVA MIKROFONA K11 CRNI;57186441593176;;;kom;34,90;;;;34,90;34,90;;DA;EUR
ZVUČNIK SA MIKROFONOM K10 BIJELA;57186441560408;;;kom;28,00;;;;28,00;28,00;;DA;EUR
ZVUČNIK SA mikrofonom K10 CRNI;57186441331032;;;kom;28,00;;;;28,00;28,00;;DA;EUR
ZVUČNIK SA SVJETLOM LED K20;142227;;;kom;17,50;;;;17,50;17,50;;DA;EUR
Žičane slušalice s mikrofonom A-638-1 – crne;57186440249688;;;kom;18,90;;;;18,90;18,90;;DA;EUR
Žične stereo slušalice JS-030;57186440184152;;;kom;6,50;;;;6,50;6,50;;DA;EUR
